Chamber ID	1	2	3	4	5	6	7	8	9	10	11	12	13	14	15	16	17	18	19	20	21	22	23	24	25	26	27	28	29	30	31	32	33	34	35	36	37	38	39	40	41	42	43	44	45	46	47	48	49	50	51	52	53	54	55	56	57	58	59	60
S01-A07	39343	39695	40001	40401	40691	40984	41268	41539	41816	42058	42254	42491	42717	42905	43107	43267	43461	43636	43788	43894	44042	44210	44267	44419	44531	44647	44760	44854	44921	45033	45101	45170	45205	45290	45312	45363	45387	45421	45454	45465	45539	45513	45581	45626	45608	45645	45645	45678	45675	45676	45682	45680	45676	45689	45664	45635	45640	45628	45633	45627
S02-A07	40852	41214	41503	41869	42182	42531	42801	43073	43348	43567	43812	44036	44244	44457	44663	44831	45015	45155	45351	45518	45588	45707	45834	45963	46043	46135	46251	46335	46397	46442	46530	46593	46639	46677	46730	46778	46783	46805	46875	46888	46904	46933	46978	46961	46984	47016	47008	47012	47024	47024	47042	47030	46991	47011	46982	46978	46979	46943	46950	46911
S03-A07	41529	41908	42209	42507	42849	43134	43421	43718	43956	44215	44425	44661	44851	45084	45278	45437	45640	45796	45941	46084	46236	46343	46451	46565	46671	46790	46900	46983	47064	47115	47194	47255	47280	47355	47410	47439	47466	47499	47510	47543	47587	47596	47630	47644	47659	47680	47689	47691	47678	47699	47691	47691	47678	47679	47693	47655	47641	47632	47598	47586
S04-A07	42219	42550	42881	43237	43521	43830	44102	44387	44623	44879	45140	45424	45643	45862	46045	46232	46399	46556	46704	46852	46978	47093	47206	47337	47412	47513	47601	47664	47770	47790	47878	47900	47955	48000	48044	48084	48102	48134	48175	48196	48201	48266	48244	48262	48286	48296	48312	48305	48315	48322	48315	48311	48287	48275	48289	48245	48245	48223	48205	48209
S05-A07	42276	42635	43042	43361	43679	43983	44233	44520	44772	44996	45254	45462	45691	45887	46071	46243	46434	46554	46689	46828	46933	47066	47149	47260	47330	47412	47476	47520	47600	47656	47718	47749	47815	47841	47878	47929	47948	47983	48020	48038	48055	48087	48089	48091	48122	48118	48135	48145	48189	48197	48177	48099	48169	48166	48090	48094	48116	48086	48079	48074
S06-A07	42533	42875	43219	43535	43812	44093	44410	44679	44947	45172	45412	45625	45823	46026	46212	46402	46582	46717	46895	47025	47114	47253	47336	47440	47542	47620	47694	47764	47825	47889	47928	47978	48015	48072	48111	48127	48147	48191	48245	48216	48264	48284	48285	48326	48322	48334	48335	48330	48352	48335	48332	48323	48312	48301	48320	48278	48247	48264	48231	48213
S07-A07	41908	42259	42637	42952	43274	43576	43886	44143	44439	44693	44918	45175	45379	45580	45743	45942	46120	46286	46451	46601	46718	46876	46997	47129	47202	47302	47381	47467	47497	47588	47636	47674	47734	47771	47824	47857	47892	47936	47947	47956	48011	48008	48032	48052	48078	48075	48089	48104	48076	48087	48088	48059	48058	48076	48070	48024	48023	47992	47977	47961
S08-A07	41852	42289	42658	42954	43285	43567	43856	44129	44368	44639	44873	45082	45295	45502	45727	45877	46038	46185	46356	46489	46601	46681	46873	46964	47052	47111	47207	47320	47391	47451	47520	47546	47613	47640	47714	47727	47768	47810	47765	47789	47882	47911	47929	47943	47938	47966	47954	47958	47975	47961	47981	47968	47934	47930	47943	47928	47908	47885	47876	47870
S09-A07	41652	41981	42348	42671	42984	43265	43516	43791	44057	44290	44517	44728	44944	45168	45325	45520	45716	45862	46005	46130	46296	46403	46585	46701	46812	46880	46957	47051	47135	47243	47306	47360	47384	47458	47458	47516	47536	47527	47642	47661	47670	47724	47711	47725	47764	47742	47750	47758	47778	47766	47753	47751	47738	47727	47725	47714	47714	47664	47656	47640
S10-A07	41900	42265	42607	42911	43340	43693	43965	44257	44516	44794	44999	45258	45459	45679	45883	46039	46238	46413	46545	46664	46840	46930	47060	47116	47223	47327	47374	47452	47488	47567	47625	47703	47725	47784	47817	47825	47873	47907	47950	47960	47995	48013	48022	48045	48038	48053	48067	48066	48052	48043	48051	48033	48008	47996	47989	47977	47957	47967	47937	47909
S11-A07	42418	42754	43101	43419	43835	44114	44423	44729	45020	45260	45517	45760	45923	46162	46360	46492	46694	46819	46970	47085	47193	47294	47408	47487	47581	47647	47736	47786	47838	47898	47950	48000	48024	48071	48109	48143	48153	48213	48241	48259	48277	48306	48321	48334	48344	48339	48335	48359	48327	48332	48334	48334	48295	48288	48289	48261	48256	48243	48231	48170
S12-A07	41898	42252	42565	42862	42059	43477	42585	42834	44278	44494	44730	43748	43957	45407	46290	44539	45959	46094	44984	46374	46474	47319	45384	46757	45506	45571	47710	46990	47042	47089	47904	45869	47245	47285	46001	48145	47436	47437	47470	47466	48314	47534	47537	47530	47559	47543	48354	47553	47543	47563	47529	48509	48495	47658	46277	48447	48446	48422	47601	46190
S01-A08	41163	41510	41867	42180	42495	42760	43019	43269	43546	43736	43978	44185	44406	44568	44762	44924	45084	45239	45391	45549	45658	45758	45862	45953	46051	46140	46235	46333	46400	46454	46530	46559	46608	46669	46732	46730	46740	46794	46807	46846	46857	46865	46877	46911	46935	46949	46969	46967	46975	46963	46974	46986	46963	46930	46957	46930	46911	46919	46867	46863
S02-A08	41873	42202	42506	42828	43120	43369	43690	43972	44195	44459	44670	44908	45075	45289	45450	45622	45783	45909	46030	46156	46282	46395	46505	46598	46687	46748	46831	46870	46956	47039	47075	47105	47176	47210	47244	47296	47323	47334	47374	47396	47413	47448	47441	47456	47479	47475	47476	47489	47505	47481	47484	47489	47460	47450	47417	47410	47398	47382	47356	47346
S03-A08	42367	42680	42995	43326	43587	43898	44143	44416	44661	44873	45133	45386	45570	45769	45976	46134	46309	46458	46599	46709	46837	46978	47086	47180	47288	47366	47440	47519	47601	47663	47709	47757	47791	47813	47868	47895	47919	47955	47996	47999	48034	48036	48084	48067	48089	48113	48103	48120	48109	48112	48086	48115	48085	48076	48052	48050	48041	48021	48035	47990
S04-A08	43172	43568	43898	44208	44503	44787	45089	45393	45637	45887	46100	46293	46521	46672	46857	47018	47168	47257	47440	47561	47649	47795	47890	47965	48091	48154	48247	48307	48359	48436	48444	48515	48547	48580	48639	48656	48709	48723	48726	48755	48784	48810	48826	48825	48853	48834	48836	48860	48875	48842	48880	48884	48803	48847	48837	48829	48810	48772	48789	48781
S05-A08	43090	43423	43774	44128	44454	44745	45015	45293	45552	45814	46017	46238	46440	46612	46778	46931	47084	47210	47352	47506	47635	47723	47818	47891	48009	48061	48163	48186	48241	48312	48356	48410	48431	48482	48519	48539	48573	48604	48647	48667	48677	48698	48709	48723	48742	48742	48756	48737	48730	48730	48703	48709	48706	48689	48679	48651	48636	48623	48613	48567
S06-A08	43272	43595	43881	44194	44514	44877	45121	45419	45644	45885	46078	46320	46508	46704	46867	47037	47186	47321	47456	47576	47682	47760	47853	47963	48047	48104	48172	48247	48291	48383	48409	48455	48472	48517	48575	48590	48620	48639	48678	48675	48709	48732	48741	48744	48752	48762	48765	48771	48768	48762	48761	48763	48730	48720	48707	48675	48677	48670	48658	48637
S07-A08	42655	42996	43360	43634	43985	44276	44548	44847	45099	45354	45544	45760	45983	46138	46321	46507	46701	46795	46982	47094	47217	47351	47442	47537	47620	47699	47804	47848	47906	47948	47993	48048	48084	48150	48154	48220	48228	48274	48285	48311	48340	48348	48347	48372	48383	48380	48402	48387	48410	48398	48487	48462	48450	48437	48434	48442	48416	48383	48375	48345
S08-A08	42801	43145	43499	43869	44122	44435	44701	44976	45229	45465	45658	45881	46074	46250	46420	46584	46755	46897	47032	47161	47244	47340	47517	47629	47707	47765	47836	47889	47964	48033	48048	48135	48156	48208	48231	48262	48301	48326	48339	48390	48400	48426	48428	48437	48450	48473	48456	48445	48454	48452	48436	48437	48410	48400	48404	48362	48417	48371	48367	48334
S09-A08	42633	42955	43271	43602	43858	44199	44457	44726	44978	45233	45465	45657	45868	46080	46233	46440	46558	46714	46839	46990	47093	47193	47269	47375	47539	47639	47681	47760	47830	47894	47927	47999	48028	48058	48115	48130	48200	48187	48213	48230	48253	48275	48289	48305	48316	48338	48300	48326	48334	48313	48296	48322	48278	48282	48272	48249	48242	48213	48204	48182
S10-A08	42729	43101	43436	43753	44074	44437	44733	44994	45228	45480	45736	45927	46148	46341	46519	46670	46856	46996	47118	47244	47362	47477	47695	47801	47894	47971	48047	48123	48180	48231	48292	48338	48372	48423	48439	48506	48515	48561	48588	48615	48614	48630	48653	48674	48691	48667	48700	48669	48701	48688	48673	48687	48677	48639	48633	48595	48594	48577	48577	48545
S11-A08	42976	43335	43653	43960	44265	44670	44960	45304	45546	45742	45976	46189	46359	46568	46716	46900	47054	47212	47343	47462	47571	47663	47760	47843	47927	48011	48070	48125	48173	48212	48263	48317	48358	48383	48418	48442	48489	48521	48528	48572	48600	48607	48640	48636	48646	48636	48637	48618	48638	48627	48609	48621	48566	48571	48548	48530	48511	48525	48474	48443
S12-A08	41451	41734	43077	42320	44209	42854	43120	44486	44727	44972	45200	45412	45592	44611	44771	46152	45079	45217	45359	46676	46775	45650	45733	44174	47283	44485	46165	46228	47513	48303	47654	48399	48445	46497	46517	47828	47865	46610	48632	47941	47964	47973	47999	47988	48722	46728	48722	47990	48001	46692	48713	47992	47963	47929	47963	47921	46614	46583	48595	47839
S01-A09	41787	42159	42435	42761	43069	43332	43614	43879	44117	44379	44589	44801	44987	45174	45377	45501	45647	45820	45912	46063	46185	46304	46414	46516	46611	46690	46765	46851	46966	46989	47033	47139	47174	47224	47210	47247	47265	47302	47315	47394	47394	47435	47446	47452	47423	47484	47494	47488	47500	47503	47524	47492	47493	47473	47457	47454	47437	47440	47424	47396
S02-A09	42478	42827	43156	43451	43738	44028	44301	44557	44779	45015	45223	45448	45632	45799	45979	46142	46275	46415	46552	46641	46797	46891	46978	47069	47152	47226	47287	47362	47404	47465	47517	47569	47599	47650	47678	47715	47756	47780	47793	47821	47809	47860	47852	47860	47889	47869	47897	47874	47895	47935	47861	47857	47843	47825	47867	47780	47847	47803	47785	47751
S03-A09	42820	43154	43458	43796	44080	44343	44617	44878	45113	45392	45559	45795	45970	46161	46362	46535	46667	46812	46964	47108	47206	47310	47418	47491	47575	47687	47713	47800	47876	47928	48001	48033	48072	48106	48148	48171	48217	48232	48261	48282	48287	48296	48332	48322	48352	48347	48341	48354	48336	48351	48370	48357	48325	48305	48297	48330	48322	48254	48283	48254
S04-A09	43086	43421	43731	44069	44375	44672	44978	45220	45514	45728	45986	46143	46383	46514	46689	46842	47012	47145	47281	47424	47556	47673	47768	47849	47937	48012	48109	48180	48223	48266	48331	48379	48413	48469	48481	48509	48534	48563	48600	48617	48619	48662	48660	48677	48668	48682	48680	48697	48693	48686	48680	48688	48637	48658	48620	48592	48608	48581	48567	48539
S05-A09	43020	43379	43752	44075	44390	44673	44933	45199	45429	45664	45884	46076	46274	46459	46635	46781	46947	47094	47202	47352	47446	47553	47630	47710	47837	47921	47980	48041	48105	48152	48190	48229	48282	48308	48355	48381	48438	48449	48447	48485	48504	48542	48521	48557	48546	48554	48575	48563	48548	48541	48523	48542	48486	48495	48492	48518	48449	48481	48444	48427
S06-A09	43353	43769	44084	44452	44719	45010	45240	45541	45753	46021	46228	46427	46622	46802	46978	47158	47310	47445	47559	47693	47791	47900	47981	48086	48165	48260	48335	48377	48421	48495	48545	48597	48636	48670	48704	48728	48759	48782	48821	48843	48838	48887	48869	48891	48873	48910	48905	48916	48903	48887	48878	48888	48839	48855	48852	48812	48819	48828	48826	48810
S07-A09	43049	43386	43724	44066	44390	44685	45006	45295	45545	45775	46018	46230	46420	46578	46779	46944	47099	47230	47379	47517	47635	47729	47832	47937	48029	48086	48141	48237	48288	48344	48398	48438	48481	48527	48554	48601	48601	48645	48662	48664	48724	48739	48760	48746	48758	48767	48756	48743	48751	48744	48824	48829	48823	48798	48712	48790	48739	48724	48718	48712
S08-A09	43239	43605	44015	44367	44683	44986	45250	45508	45747	45960	46210	46392	46619	46827	46984	47159	47322	47477	47600	47723	47840	47947	48033	48146	48189	48294	48336	48370	48547	48573	48645	48689	48728	48757	48710	48839	48789	48791	48806	48839	48847	48887	48903	48908	48906	48993	49007	49028	49013	49020	48996	48997	48955	48978	48959	48944	48924	48912	48879	48871
S09-A09	42859	43214	43522	43847	44132	44397	44684	44950	45198	45420	45650	45888	46099	46297	46452	46647	46788	46930	47066	47244	47349	47456	47521	47726	47808	47902	47980	48042	48114	48175	48231	48266	48321	48378	48417	48412	48489	48498	48528	48522	48542	48567	48576	48595	48612	48613	48634	48615	48633	48635	48614	48610	48616	48550	48582	48561	48549	48525	48491	48477
S10-A09	42969	43331	43658	44008	44299	44636	44880	45272	45558	45795	46003	46216	46417	46606	46744	46926	47092	47244	47365	47498	47623	47734	47805	47931	47995	48061	48142	48223	48264	48324	48365	48479	48514	48556	48578	48619	48626	48631	48649	48744	48756	48786	48715	48806	48753	48792	48793	48849	48812	48805	48791	48790	48774	48752	48746	48705	48720	48684	48671	48662
S11-A09	43424	43746	44227	44558	44905	45157	45444	45709	45944	46161	46382	46534	46755	46979	47119	47278	47435	47548	47716	47823	47939	48013	48118	48194	48272	48340	48390	48458	48498	48558	48577	48609	48654	48690	48718	48754	48815	48834	48861	48864	48896	48896	48918	48928	48914	48925	48932	49031	49023	49018	49033	48989	48967	48966	48967	48945	48947	48915	48894	48941
S12-A09	43423	43784	44106	44271	44742	44896	45305	45616	45853	46114	46346	46551	46716	46926	47098	47255	47412	47583	47709	47855	47955	48059	48144	48226	48299	48389	48605	48692	48743	48790	48835	48907	48880	48958	49009	49060	49082	49110	49117	49151	49163	49171	49179	49210	49210	49214	49218	49236	49216	49207	49204	49183	49205	49175	49175	49156	49142	49113	49106	49074
S01-A10	42064	42395	42716	43041	43318	43590	43856	44133	44366	44602	44802	45042	45240	45452	45605	45759	45920	46094	46243	46390	46505	46622	46750	46820	46945	47050	47113	47208	47260	47343	47408	47445	47486	47524	47578	47597	47630	47662	47694	47701	47722	47770	47767	47787	47795	47810	47837	47846	47841	47843	47840	47811	47832	47809	47806	47784	47791	47777	47743	47759
S02-A10	42461	42781	43073	43381	43704	43933	44183	44461	44702	44924	45152	45361	45553	45705	45884	46019	46181	46352	46485	46589	46697	46837	46903	47055	47123	47202	47281	47335	47418	47445	47503	47563	47583	47642	47669	47705	47738	47778	47792	47824	47833	47851	47897	47899	47890	47898	47907	47914	47908	47902	47899	47889	47887	47863	47837	47830	47815	47797	47788	47746
S03-A10	42759	43114	43416	43711	43985	44328	44561	44824	45090	45306	45539	45774	45962	46180	46357	46494	46656	46818	46958	47055	47165	47282	47391	47495	47570	47676	47761	47820	47886	47936	47983	48043	48100	48141	48146	48201	48230	48240	48262	48253	48304	48355	48317	48408	48356	48418	48377	48425	48422	48422	48404	48407	48378	48378	48372	48358	48324	48314	48289	48289
S04-A10	43459	43842	44177	44486	44806	45094	45381	45644	45875	46127	46356	46568	46761	46931	47089	47270	47410	47554	47687	47810	47921	48016	48106	48217	48298	48384	48452	48548	48570	48635	48686	48708	48753	48794	48837	48870	48877	48891	48934	48945	48964	48986	48994	49010	49006	49017	49018	49028	49044	49030	49031	49008	48991	48971	48983	48971	48934	48932	48906	48868
S05-A10	43539	43871	44179	44545	44861	45145	45403	45644	45881	46106	46330	46520	46714	46893	47102	47235	47400	47537	47662	47783	47893	47989	48073	48161	48292	48385	48444	48507	48569	48612	48650	48698	48723	48791	48817	48831	48897	48916	48952	48950	48958	48990	48998	49020	49033	49031	49034	49021	49002	49025	49002	48986	48964	48944	48987	48971	48933	48927	48904	48871
S06-A10	43674	43985	44304	44599	44974	45238	45527	45799	46042	46277	46458	46680	46877	47082	47241	47407	47538	47685	47816	47914	48029	48151	48236	48313	48444	48541	48598	48667	48743	48786	48843	48880	48926	48935	48985	49027	49042	49077	49111	49114	49142	49151	49167	49193	49183	49196	49209	49206	49208	49202	49178	49198	49192	49147	49123	49139	49129	49107	49072	49052
S07-A10	43065	43413	43772	44099	44445	44730	45023	45322	45521	45780	46006	46175	46411	46607	46744	46931	47096	47212	47374	47522	47625	47744	47821	47919	48022	48089	48141	48206	48346	48321	48397	48481	48520	48506	48565	48581	48631	48636	48661	48697	48713	48725	48766	48777	48765	48763	48837	48835	48839	48836	48823	48817	48815	48781	48757	48738	48734	48728	48792	48789
S08-A10	43316	43700	44021	44372	44683	44968	45253	45505	45758	45974	46170	46389	46580	46781	46937	47128	47294	47420	47543	47662	47781	47855	47963	48029	48110	48300	48343	48419	48460	48513	48564	48612	48660	48671	48700	48740	48789	48815	48820	48866	48887	48920	48912	48934	48945	48910	48948	48921	48910	48903	48916	48907	48888	48890	48849	48844	48824	48824	48789	48754
S09-A10	43025	43350	43693	44021	44276	44572	44850	45114	45404	45667	45911	46210	46298	46594	46674	46842	47033	47135	47386	47510	47635	47746	47839	47954	48055	48147	48187	48252	48319	48382	48424	48486	48524	48548	48588	48619	48640	48677	48720	48727	48736	48731	48763	48770	48812	48810	48813	48808	48805	48802	48788	48809	48747	48747	48758	48748	48720	48695	48688	48665
S10-A10	43367	43703	44046	44406	44724	45017	45305	45575	45814	46059	46278	46489	46668	46881	47050	47231	47369	47562	47698	47763	48038	48149	48279	48369	48456	48509	48601	48670	48741	48769	48814	48876	48917	48950	48984	49021	49059	49094	49130	49132	49142	49160	49169	49204	49192	49206	49209	49208	49207	49182	49182	49179	49158	49158	49165	49125	49114	49078	49065	49044
S11-A10	43625	43989	44305	44645	45066	45340	45624	45864	46101	46316	46575	46787	46998	47191	47328	47497	47639	47793	47914	48037	48138	48249	48355	48437	48512	48562	48619	48670	48728	48768	48801	48842	48905	48940	48972	48999	49063	49084	49080	49115	49137	49132	49154	49165	49189	49180	49173	49161	49154	49157	49152	49127	49114	49101	49098	49061	49071	49030	49018	48994
S12-A10	42258	42554	44098	44411	44730	45023	45314	45567	45677	45917	46362	46361	46767	46952	47139	47293	47433	47589	47731	47662	47956	47883	48142	48248	48515	48420	46450	44981	45060	45092	43495	46767	43550	45283	41923	45321	41967	41993	41994	45420	47000	45415	47016	43784	42115	42119	42122	45496	42107	45498	47080	43810	42111	45498	48287	49191	49162	49041	49029	49115
S01-A11	42048	42369	42733	43065	43359	43657	43907	44190	44445	44666	44894	45111	45304	45461	45644	45835	46000	46145	46276	46346	46556	46670	46745	46866	46963	47057	47129	47209	47281	47326	47383	47431	47465	47521	47579	47567	47591	47637	47654	47665	47730	47702	47746	47784	47778	47798	47792	47780	47783	47793	47799	47779	47767	47774	47763	47743	47722	47706	47638	47608
S02-A11	42694	43053	43369	43641	43925	44239	44487	44761	44991	45247	45452	45645	45864	46043	46213	46353	46521	46616	46785	46912	47009	47145	47237	47307	47400	47466	47540	47592	47636	47681	47755	47801	47848	47884	47933	47902	47970	48002	48019	48037	48068	48106	48086	48119	48137	48116	48119	48108	48113	48098	48145	48112	48101	48076	48056	48048	48032	48015	47979	47970
S03-A11	43228	43548	43890	44172	44474	44785	45065	45330	45577	45835	46057	46260	46475	46667	46866	47009	47163	47305	47453	47573	47675	47794	47897	48009	48072	48169	48244	48313	48381	48423	48494	48535	48601	48613	48639	48674	48686	48720	48759	48753	48762	48803	48816	48837	48849	48821	48863	48827	48833	48843	48835	48832	48818	48807	48774	48759	48758	48801	48744	48727
S04-A11	43818	44231	44543	44904	45186	45520	45811	46050	46283	46483	46741	46958	47119	47314	47479	47643	47778	47929	48049	48177	48289	48394	48530	48621	48705	48785	48857	48913	49003	49029	49082	49107	49173	49217	49227	49283	49294	49321	49370	49367	49381	49414	49407	49429	49437	49450	49455	49454	49465	49438	49449	49431	49427	49401	49397	49378	49364	49332	49347	49304
S05-A11	43566	43894	44234	44651	44940	45253	45531	45763	46026	46236	46455	46651	46868	47056	47225	47380	47533	47667	47802	47913	48003	48152	48232	48330	48405	48466	48529	48582	48631	48708	48737	48780	48840	48875	48898	48933	48952	49002	49033	49068	49067	49076	49088	49107	49115	49146	49123	49108	49114	49107	49088	49108	49079	49055	49078	49048	49049	49042	49009	49025
S06-A11	43656	43983	44313	44615	44949	45201	45487	45715	45982	46237	46478	46697	46895	47098	47252	47403	47571	47709	47844	47959	48080	48155	48285	48375	48463	48526	48600	48677	48731	48848	48898	48942	48967	49007	48994	49013	49061	49068	49087	49124	49124	49143	49143	49167	49179	49178	49206	49263	49266	49263	49255	49263	49259	49245	49223	49192	49202	49219	49167	49160
S07-A11	43349	43689	44048	44369	44715	45001	45291	45565	45780	46038	46246	46473	46635	46819	46990	47154	47322	47463	47578	47709	47828	47928	48019	48122	48197	48259	48508	48585	48647	48697	48741	48787	48827	48887	48888	48932	48993	48990	49029	49040	49053	49091	49075	49113	49119	49141	49141	49148	49141	49133	49136	49113	49117	49077	49064	49066	49056	49030	49019	48990
S08-A11	43740	44084	44448	44748	45091	45361	45632	45896	46130	46365	46564	46769	46967	47143	47346	47512	47635	47756	47900	48019	48129	48227	48315	48416	48469	48533	48713	48742	48807	48867	48905	48973	48990	49030	49063	49106	49126	49144	49192	49200	49209	49229	49223	49232	49256	49268	49284	49278	49253	49251	49242	49236	49282	49219	49191	49180	49222	49218	49188	49178
S09-A11	43264	43613	43931	44250	44548	44842	45098	45397	45616	45845	46122	46330	46501	46700	46891	47066	47206	47362	47481	47616	47702	47831	47907	48038	48268	48372	48439	48501	48564	48607	48697	48739	48738	48801	48825	48871	48886	48926	48940	48968	48981	49014	49034	49029	49053	49064	49051	49076	49070	49060	49065	49071	49048	49030	49028	49021	48977	48968	48939	48931
S10-A11	43505	43845	44196	44550	44871	45271	45542	45811	46080	46311	46535	46712	46921	47107	47274	47441	47595	47735	47870	47998	48102	48227	48305	48412	48499	48560	48652	48687	48751	48804	48862	48889	48930	48993	49025	49042	49077	49094	49128	49152	49159	49173	49209	49227	49226	49230	49228	49215	49237	49218	49204	49186	49182	49173	49152	49154	49149	49104	49123	49123
S11-A11	43781	44086	44558	44864	45199	45486	45757	46013	46246	46483	46665	46887	47067	47254	47442	47590	47721	47877	48004	48122	48198	48306	48387	48472	48529	48604	48665	48712	48893	48943	48969	49007	49068	49106	49133	49147	49050	49066	49101	49117	49148	49171	49162	49173	49183	49311	49316	49306	49312	49292	49275	49292	49278	49269	49239	49248	49228	49191	49175	49123
S12-A11	42743	43081	42185	43721	42771	44286	44553	44807	43770	46119	45447	42689	45851	46034	46185	47213	45127	46602	45348	46836	45532	47035	47093	45964	47460	47509	48853	48891	49012	49005	49107	49123	49167	49214	49248	49293	49286	49342	49369	49370	49404	49090	49437	49408	49446	49400	49171	49452	49426	49407	49390	49383	49408	49404	49101	49367	49079	49290	49284	49229
S01-A12	42015	42325	42680	42965	43302	43582	43839	44137	44377	44636	44860	45044	45263	45453	45619	45772	45934	46075	46208	46322	46463	46640	46721	46802	46935	47015	47104	47178	47220	47247	47278	47348	47385	47422	47474	47496	47515	47520	47622	47688	47710	47710	47720	47737	47750	47701	47711	47721	47733	47710	47706	47695	47698	47697	47668	47676	47662	47631	47640	47627
S02-A12	43010	43334	43655	44005	44282	44553	44802	45093	45324	45559	45806	45977	46172	46356	46534	46684	46835	46980	47106	47255	47344	47513	47539	47694	47780	47851	47931	47979	48059	48096	48172	48196	48231	48298	48334	48341	48392	48434	48440	48434	48486	48508	48495	48532	48539	48552	48557	48548	48534	48555	48549	48486	48427	48415	48431	48390	48403	48359	48368	48356
S03-A12	43161	43497	43844	44133	44453	44734	45028	45279	45543	45785	46033	46237	46413	46604	46848	46961	47128	47266	47443	47556	47676	47791	47902	47995	48089	48182	48241	48336	48378	48430	48503	48542	48548	48641	48657	48671	48737	48748	48766	48780	48798	48816	48836	48821	48878	48880	48879	48857	48860	48869	48861	48860	48837	48789	48807	48766	48751	48767	48734	48699
S04-A12	43891	44310	44652	44973	45280	45582	45850	46114	46396	46579	46804	46993	47214	47377	47539	47678	47828	47973	48109	48236	48325	48457	48556	48644	48708	48810	48848	48942	48971	49002	49096	49130	49169	49215	49243	49259	49310	49330	49345	49379	49394	49402	49414	49429	49413	49431	49424	49441	49436	49420	49438	49413	49419	49364	49369	49343	49346	49338	49292	49362
S05-A12	43929	44260	44594	44918	45227	45521	45782	46033	46269	46508	46705	46941	47107	47305	47462	47615	47757	47897	48019	48156	48250	48351	48465	48536	48619	48688	48749	48790	48868	48909	48951	49015	49052	49073	49126	49148	49175	49225	49242	49253	49281	49275	49303	49299	49282	49327	49314	49325	49315	49311	49309	49291	49278	49257	49269	49227	49213	49204	49184	49171
S06-A12	43980	44307	44651	44961	45277	45570	45838	46106	46341	46558	46818	47005	47216	47388	47565	47740	47883	47999	48161	48273	48403	48487	48583	48660	48747	48826	48902	48954	49027	49080	49124	49161	49227	49249	49296	49332	49342	49376	49386	49408	49434	49458	49465	49464	49493	49487	49492	49556	49555	49556	49541	49560	49525	49444	49531	49484	49483	49463	49452	49445
S07-A12	43771	44100	44445	44784	45146	45464	45717	45988	46222	46475	46654	46850	47042	47242	47425	47568	47719	47861	47987	48118	48249	48330	48437	48551	48628	48665	48751	48813	48964	49028	49062	49116	49137	49187	49241	49145	49207	49218	49246	49256	49289	49293	49319	49328	49341	49447	49320	49437	49442	49440	49433	49421	49398	49401	49375	49344	49350	49332	49316	49283
S08-A12	43873	44243	44550	44877	45170	45447	45682	45962	46205	46454	46678	46869	47051	47266	47424	47560	47727	47846	47998	48111	48205	48418	48480	48568	48650	48710	48785	48841	48907	48944	48986	49040	49052	49118	49125	49179	49197	49215	49258	49264	49292	49289	49316	49338	49338	49339	49345	49312	49347	49321	49315	49296	49287	49265	49255	49249	49243	49211	49212	49155
S09-A12	43401	43793	44071	44398	44829	45113	45430	45721	45953	46192	46416	46645	46875	47031	47265	47411	47577	47690	47860	47969	48095	48196	48307	48389	48470	48576	48628	48672	48749	48819	48840	48880	48949	48983	49013	49035	49088	49074	49107	49125	49157	49178	49179	49185	49203	49210	49214	49215	49180	49195	49223	49177	49175	49144	49155	49119	49130	49118	49105	49064
S10-A12	43900	44239	44613	45076	45390	45711	45955	46212	46474	46703	46921	47131	47290	47487	47658	47812	47954	48083	48210	48334	48427	48520	48622	48706	48774	48844	48910	48965	49074	49115	49157	49199	49240	49271	49325	49293	49385	49399	49445	49449	49492	49494	49512	49501	49527	49528	49513	49505	49517	49488	49472	49471	49453	49452	49410	49421	49407	49377	49346	49328
S11-A12	44053	44401	44865	45185	45478	45767	46021	46269	46494	46733	46943	47122	47331	47524	47690	47838	47990	48129	48256	48365	48464	48552	48644	48729	48779	48830	48900	48949	48965	49031	49133	49167	49146	49248	49298	49256	49287	49332	49348	49424	49415	49400	49402	49489	49447	49430	49494	49413	49605	49455	49600	49598	49569	49545	49552	49546	49522	49498	49492	49457
S12-A12	41894	40731	43668	43970	44278	45440	45752	46026	46250	46493	46724	46903	47100	47308	47455	47640	47783	47936	48059	48166	48268	48386	48728	48830	48901	48967	49041	49109	49175	49216	49263	49312	49377	49398	49413	49469	49497	49520	49545	49531	49590	49571	49601	49615	49644	49634	49635	49636	49635	49617	49623	49621	49590	49580	49568	49564	49547	49526	49506	49478
S01-A01	41978	42312	42654	42951	43261	43563	43830	44144	44385	44608	44846	45061	45254	45432	45606	45771	45914	46082	46218	46316	46478	46579	46698	46812	46909	46992	47066	47165	47218	47196	47286	47314	47356	47376	47426	47520	47560	47590	47597	47614	47664	47661	47680	47696	47715	47643	47661	47638	47659	47641	47672	47645	47627	47635	47613	47609	47599	47602	47558	47560
S02-A01	42770	43111	43445	43734	44015	44314	44570	44861	45057	45328	45518	45741	45938	46115	46281	46449	46596	46745	46930	46991	47136	47286	47356	47395	47481	47545	47634	47679	47775	47791	47844	47906	47947	47959	48031	48052	48085	48090	48127	48139	48171	48176	48170	48177	48178	48205	48223	48231	48219	48210	48228	48203	48210	48193	48173	48126	48107	48117	48075	48069
S03-A01	43232	43606	43955	44278	44594	44864	45172	45430	45699	45965	46142	46398	46592	46778	46945	47096	47242	47406	47552	47667	47812	47964	48008	48125	48209	48318	48390	48436	48501	48557	48617	48637	48710	48742	48747	48784	48804	48808	48851	48853	48877	48882	48917	48921	48926	48940	48943	48941	48950	48932	48952	48927	48924	48908	48891	48891	48856	48845	48821	48816
S04-A01	44190	44563	44908	45253	45570	45851	46133	46379	46652	46850	47087	47262	47467	47625	47798	47942	48095	48229	48344	48487	48567	48684	48777	48871	48949	48997	49092	49151	49254	49314	49340	49376	49427	49457	49502	49489	49568	49534	49550	49562	49580	49576	49605	49617	49669	49654	49659	49687	49686	49677	49673	49647	49644	49620	49623	49606	49573	49578	49529	49539
S05-A01	44170	44505	44874	45184	45461	45732	46001	46254	46506	46730	46942	47154	47361	47519	47698	47839	48010	48128	48274	48370	48484	48573	48651	48723	48814	48844	48910	49059	49119	49174	49216	49255	49291	49312	49365	49394	49399	49436	49449	49487	49515	49518	49517	49541	49533	49551	49563	49566	49545	49544	49542	49512	49517	49479	49495	49441	49476	49412	49414	49407
S06-A01	43932	44270	44588	44921	45245	45542	45833	46099	46371	46584	46799	47022	47228	47413	47571	47740	47895	48057	48161	48294	48402	48511	48614	48776	48860	48953	49070	49117	49179	49228	49280	49319	49339	49397	49399	49448	49472	49496	49537	49541	49553	49561	49584	49586	49615	49620	49603	49613	49598	49602	49594	49583	49596	49569	49573	49531	49530	49521	49485	49480
S07-A01	43557	43897	44248	44632	44970	45231	45524	45761	46017	46254	46457	46694	46868	47024	47225	47381	47519	47663	47781	47874	48004	48108	48307	48384	48491	48546	48612	48681	48726	48776	48834	48869	48908	48956	48973	49030	49064	49075	49108	49110	49125	49143	49157	49170	49189	49173	49201	49184	49200	49150	49165	49141	49144	49115	49089	49079	49090	49038	49028	48994
S08-A01	43972	44304	44616	44917	45234	45494	45875	46126	46379	46633	46890	47067	47266	47458	47655	47822	47957	48087	48209	48318	48431	48550	48623	48703	48785	48839	48913	48941	49016	49075	49099	49141	49179	49229	49264	49274	49314	49357	49381	49378	49395	49401	49446	49428	49448	49459	49454	49437	49450	49415	49429	49430	49381	49374	49355	49363	49323	49315	49291	49278
S09-A01	43572	43912	44260	44582	44890	45193	45466	45779	46033	46434	46693	46873	47086	47293	47457	47637	47670	47930	48069	48228	48332	48449	48515	48622	48715	48816	48869	48908	49000	49047	49087	49136	49161	49208	49238	49283	49299	49308	49318	49352	49363	49390	49406	49421	49411	49411	49420	49435	49413	49423	49414	49423	49390	49355	49363	49340	49350	49302	49284	49256
S10-A01	43886	44243	44583	44900	45232	45659	45919	46235	46440	46726	46928	47138	47336	47526	47706	47854	47988	48133	48271	48373	48486	48587	48674	48763	48829	48904	48959	49016	49063	49122	49157	49216	49239	49263	49311	49353	49372	49437	49445	49458	49477	49488	49496	49505	49506	49505	49509	49490	49484	49472	49476	49460	49454	49428	49424	49392	49391	49361	49335	49308
S11-A01	44069	44447	44768	45069	45377	45644	45911	46198	46400	46642	46842	47041	47246	47432	47597	47753	47957	48022	48142	48297	48406	48507	48584	48652	48865	48918	48980	49026	49097	49115	49180	49212	49247	49288	49328	49356	49386	49396	49415	49444	49473	49482	49505	49484	49489	49507	49497	49484	49474	49461	49451	49436	49434	49426	49392	49388	49352	49333	49332	49317
S12-A01	43457	44403	44755	45113	45682	45733	46194	46506	46742	47003	47182	47415	47593	47781	47943	48083	48241	48371	48509	48608	48737	48840	48918	48998	49058	49194	49232	49316	49355	49418	49434	49498	49530	49598	49634	49642	49670	49657	49714	49725	49749	49764	49782	49923	49796	49819	49793	49787	49785	49800	49782	49761	49742	49725	49714	49690	49870	49671	49625	49617
S01-A02	41942	42302	42660	42997	43275	43592	43865	44125	44362	44644	44853	45087	45264	45452	45615	45781	45946	46100	46217	46368	46479	46571	46682	46816	46913	46970	47063	47104	47188	47233	47305	47358	47387	47440	47473	47511	47538	47570	47603	47628	47637	47669	47670	47688	47722	47717	47713	47739	47732	47739	47718	47717	47712	47705	47687	47675	47677	47664	47639	47627
S02-A02	42960	43302	43638	43945	44245	44502	44805	45052	45310	45548	45769	45966	46115	46347	46533	46704	46862	46941	47137	47196	47334	47439	47548	47657	47744	47835	47905	47958	48026	48093	48136	48149	48198	48260	48290	48352	48368	48379	48414	48439	48460	48485	48469	48492	48495	48515	48498	48510	48501	48491	48493	48497	48466	48477	48457	48446	48419	48406	48407	48343
S03-A02	43249	43582	43949	44275	44558	44883	45165	45437	45736	45993	46216	46447	46654	46838	47034	47184	47349	47503	47652	47749	47886	48011	48090	48224	48311	48347	48445	48511	48604	48658	48721	48742	48791	48816	48846	48894	48934	48947	48953	48979	48998	49016	49043	49038	49045	49043	49082	49104	49084	49074	49065	49050	49067	49037	49036	49024	49012	48987	48966	48970
S04-A02	44055	44420	44784	45123	45423	45723	45993	46257	46511	46718	46958	47146	47332	47547	47669	47840	47971	48126	48246	48383	48490	48627	48748	48804	48912	48997	49070	49136	49201	49244	49293	49366	49358	49390	49451	49462	49519	49518	49552	49578	49591	49611	49615	49631	49631	49630	49653	49651	49641	49640	49633	49619	49598	49596	49595	49568	49554	49544	49525	49500
S05-A02	43804	44154	44477	44786	45086	45403	45644	45946	46169	46400	46605	46814	47013	47185	47385	47531	47715	47833	47958	48055	48198	48309	48440	48512	48608	48655	48779	48788	48876	48938	48994	49019	49079	49112	49137	49197	49228	49237	49258	49273	49305	49338	49325	49362	49344	49349	49346	49360	49347	49347	49330	49332	49311	49301	49306	49282	49261	49244	49226	49198
S06-A02	43869	44297	44657	45003	45331	45614	45943	46227	46462	46701	46919	47151	47339	47521	47705	47852	48002	48118	48267	48417	48500	48625	48709	48802	48882	48976	49040	49106	49158	49226	49267	49328	49368	49399	49421	49441	49526	49507	49542	49560	49586	49608	49608	49640	49629	49647	49630	49681	49646	49633	49668	49682	49637	49652	49627	49627	49586	49581	49561	49515
S07-A02	43717	44156	44480	44837	45146	45440	45734	45992	46225	46463	46700	46899	47047	47255	47426	47586	47754	47883	48012	48167	48241	48359	48445	48650	48735	48823	48894	48945	49007	49060	49106	49143	49181	49233	49274	49302	49339	49381	49380	49406	49423	49457	49450	49471	49454	49472	49477	49476	49471	49446	49455	49448	49438	49444	49409	49385	49366	49363	49353	49320
S08-A02	43785	44108	44498	44823	45096	45388	45656	45925	46280	46510	46724	46949	47150	47343	47514	47674	47827	47965	48102	48206	48344	48411	48518	48618	48684	48735	48811	48850	48909	48958	49021	49048	49083	49119	49182	49220	49252	49263	49299	49325	49345	49343	49367	49374	49414	49375	49404	49400	49362	49384	49363	49359	49351	49336	49305	49312	49310	49309	49279	49283
S09-A02	43301	43666	44091	44407	44795	45091	45366	45654	45918	46125	46382	46587	46806	46996	47166	47320	47499	47651	47788	47887	48036	48144	48225	48327	48416	48495	48557	48620	48677	48726	48778	48825	48858	48880	48955	48960	49026	49031	49051	49079	49118	49135	49142	49143	49159	49167	49169	49156	49173	49161	49133	49139	49125	49109	49088	49080	49081	49037	49033	48996
S10-A02	43628	43995	44356	44711	45025	45310	45589	45833	46092	46311	46520	46748	46936	47164	47281	47475	47621	47786	47873	48004	48122	48228	48294	48366	48435	48495	48726	48770	48803	48891	48920	48993	49017	49033	49066	49092	49136	49166	49195	49202	49236	49251	49263	49277	49277	49292	49294	49258	49262	49259	49261	49255	49229	49222	49190	49185	49170	49148	49115	49094
S11-A02	43826	44188	44506	44830	45093	45408	45681	45930	46163	46389	46612	46810	46987	47186	47363	47514	47707	47836	47967	48087	48180	48263	48564	48656	48712	48776	48836	48899	48942	48978	49041	49087	49079	49161	49193	49205	49247	49285	49308	49311	49343	49360	49354	49374	49379	49379	49376	49356	49358	49357	49370	49348	49322	49302	49279	49294	49253	49237	49229	49202
S12-A02	43897	44280	44663	45004	45304	45602	46155	46394	46633	46866	47138	47316	46948	47119	45970	47439	47564	48321	46725	47967	48667	48806	48862	48944	48409	47319	49186	48588	49295	47496	48738	49412	48847	49525	49562	48944	47789	47807	48995	49680	49715	49081	49724	47890	49102	49093	49759	49737	49820	49063	47863	49713	47847	49697	49678	49686	49669	49634	49626	48927
S01-A03	42358	42735	43084	43447	43764	44094	44369	44673	44926	45190	45407	45678	45901	46072	46278	46429	46585	46788	46867	47029	47153	47196	47296	47420	47511	47625	47721	47770	47851	47935	47989	48034	48067	48149	48186	48193	48212	48266	48286	48314	48329	48369	48384	48384	48412	48425	48424	48443	48435	48438	48438	48443	48438	48419	48419	48401	48389	48390	48372	48364
S02-A03	42972	43342	43687	44015	44344	44637	44927	45183	45480	45712	45961	46194	46393	46598	46771	46956	47140	47266	47412	47556	47697	47813	47874	47981	48061	48158	48235	48299	48383	48429	48474	48526	48561	48607	48646	48664	48720	48724	48741	48771	48802	48809	48838	48830	48858	48867	48873	48869	48886	48883	48889	48845	48861	48825	48839	48811	48799	48785	48764	48739
S03-A03	43478	43849	44229	44579	44916	45248	45552	45870	46140	46409	46630	46849	47091	47262	47454	47656	47796	47965	48088	48239	48335	48455	48566	48674	48769	48869	48940	49006	49087	49129	49212	49277	49265	49328	49374	49369	49426	49449	49472	49488	49513	49510	49556	49548	49555	49589	49620	49580	49628	49596	49584	49584	49574	49574	49538	49538	49530	49504	49483	49460
S04-A03	44571	44968	45299	45654	45989	46295	46613	46850	47139	47352	47582	47779	47962	48181	48325	48481	48624	48756	48894	49030	49139	49242	49366	49451	49586	49605	49662	49763	49836	49887	49942	49985	50036	50046	50108	50135	50159	50179	50226	50233	50262	50289	50277	50308	50311	50323	50324	50309	50327	50302	50287	50284	50268	50260	50235	50219	50200	50194	50177	50156
S05-A03	44285	44668	45012	45352	45667	45987	46277	46554	46826	47073	47303	47524	47712	47925	48104	48261	48432	48560	48705	48809	48937	49040	49133	49226	49308	49375	49461	49501	49593	49655	49691	49767	49811	49842	49870	49846	49918	49969	49943	50015	50035	50067	50071	50083	50097	50050	50115	50109	50109	50082	50097	50073	50107	50073	50052	50050	50021	50028	49992	49965
S06-A03	44238	44593	44970	45326	45712	46034	46353	46638	46912	47181	47391	47638	47843	48068	48226	48417	48577	48729	48893	49001	49145	49231	49345	49452	49542	49633	49718	49778	49857	49894	49986	50029	50043	50122	50140	50174	50218	50220	50249	50294	50308	50296	50323	50354	50363	50368	50382	50404	50386	50378	50392	50388	50370	50377	50327	50336	50324	50323	50296	50278
S07-A03	44190	44594	44974	45326	45670	45977	46355	46636	46885	47135	47371	47596	47781	47976	48143	48290	48466	48599	48740	48862	48989	49099	49198	49286	49355	49417	49492	49545	49613	49646	49706	49758	49807	49855	49876	49942	49946	49985	50030	50040	50079	50108	50110	50125	50103	50122	50135	50152	50123	50096	50154	50151	50147	50114	50095	50089	50090	50054	50047	50023
S08-A03	44028	44552	44910	45263	45594	45898	46196	46515	46754	47003	47252	47457	47648	47850	48070	48205	48346	48508	48639	48777	48876	48981	49076	49141	49218	49293	49384	49404	49574	49631	49695	49739	49778	49818	49860	49890	49924	49841	49883	49890	49920	49942	49934	49946	50076	50068	50097	50092	50090	50101	50074	50081	50063	50100	50035	50027	50011	50045	50041	50002
S09-A03	44033	44469	44875	45248	45614	45980	46265	46582	46827	47099	47335	47547	47736	47969	48135	48309	48461	48600	48731	48856	48982	49090	49186	49279	49370	49447	49506	49583	49768	49844	49883	49912	49962	50018	50027	49912	50114	49982	50012	50050	50069	50080	50100	50075	50111	50114	50120	50255	50282	50278	50272	50266	50271	50244	50228	50223	50217	50176	50158	50147
S10-A03	44365	44789	45164	45510	45856	46174	46462	46742	47010	47264	47484	47710	47899	48115	48269	48422	48605	48743	48860	48995	49123	49222	49314	49396	49465	49520	49580	49621	49854	49898	49967	50007	50056	50084	50116	50177	50216	50215	50121	50281	50137	50333	50350	50343	50346	50353	50372	50358	50346	50367	50338	50354	50330	50327	50309	50291	50268	50262	50246	50221
S11-A03	44312	44675	45082	45431	45769	46052	46347	46608	46900	47130	47523	47580	47928	48108	48311	48476	48654	48749	48889	49014	49123	49218	49303	49392	49487	49528	49585	49655	49695	49750	49802	49861	49904	49923	49967	50003	50026	50071	50066	50098	50124	50147	50153	50153	50179	50193	50170	50162	50186	50151	50164	50151	50152	50112	50119	50101	50069	50081	50045	50044
S12-A03	44489	44892	45311	45668	45998	46294	46616	46914	47146	47397	47636	47856	47054	44522	46229	43173	48767	48901	49039	49140	49270	49376	49458	49581	49643	49722	49794	49846	49895	49966	50008	50066	49935	50135	50165	50207	50244	50259	50128	50317	50346	50373	50391	50390	50372	50381	50389	50400	50619	50378	50371	50614	50569	50574	50562	50556	50545	50531	50496	50460
S01-A04	42030	42379	42703	42985	43315	43607	43893	44143	44401	44668	44845	45099	45260	45481	45661	45813	45977	46123	46275	46403	46513	46650	46760	46857	46956	47052	47110	47198	47235	47310	47337	47401	47443	47480	47526	47565	47617	47644	47656	47691	47699	47707	47748	47737	47759	47766	47806	47805	47805	47784	47797	47790	47765	47769	47626	47750	47729	47608	47581	47595
S02-A04	42931	43235	43563	43882	44169	44460	44735	44975	45205	45482	45705	45948	46154	46327	46493	46645	46848	47009	47167	47267	47408	47486	47576	47695	47770	47868	47938	47990	48035	48045	48106	48146	48200	48221	48278	48392	48317	48455	48465	48488	48507	48548	48565	48566	48552	48590	48492	48599	48479	48510	48509	48496	48483	48475	48476	48430	48425	48434	48412	48386
S03-A04	42718	43086	43447	43801	44143	44442	44751	45042	45297	45592	45829	46053	46257	46468	46647	46806	46987	47144	47306	47434	47556	47688	47791	47930	48018	48115	48185	48275	48339	48409	48449	48473	48538	48596	48633	48646	48697	48720	48748	48767	48784	48806	48814	48808	48833	48867	48866	48853	48873	48862	48869	48880	48845	48846	48838	48828	48805	48794	48775	48764
S04-A04	43517	43889	44228	44582	44887	45157	45487	45745	46040	46278	46490	46695	46883	47055	47204	47412	47533	47678	47814	47953	48063	48172	48266	48375	48454	48533	48605	48671	48729	48792	48861	48903	48943	48965	49027	49069	49076	49121	49145	49150	49181	49196	49225	49244	49250	49257	49276	49253	49247	49274	49248	49230	49235	49230	49215	49190	49167	49167	49147	49120
S05-A04	43093	43442	43810	44154	44466	44739	45046	45313	45563	45837	46093	46283	46504	46701	46890	47074	47253	47419	47529	47678	47783	47887	47990	48083	48190	48258	48343	48403	48452	48516	48550	48600	48672	48680	48733	48758	48812	48835	48847	48887	48889	48934	48951	48947	48945	48959	48978	48942	48946	48973	48944	48957	48952	48922	48903	48893	48888	48880	48872	48866
S06-A04	43335	43728	44071	44389	44733	45066	45362	45656	45884	46116	46372	46574	46818	46982	47160	47331	47477	47615	47787	47892	48018	48145	48276	48368	48464	48519	48607	48678	48738	48778	48847	48893	48944	48992	49023	49050	49083	49099	49149	49174	49185	49209	49212	49224	49242	49236	49250	49256	49263	49267	49257	49257	49236	49205	49220	49181	49166	49158	49148	49215
S07-A04	43270	43647	43990	44346	44654	44924	45353	45607	45861	46134	46328	46532	46755	46922	47102	47265	47417	47566	47690	47816	47931	48038	48117	48222	48260	48348	48431	48481	48528	48566	48640	48677	48733	48745	48803	48831	48882	48923	48929	48946	48982	49000	49013	49022	49035	49052	49026	49031	49014	49020	49015	49008	48994	48974	48983	49109	49103	49083	49060	49040
S08-A04	43055	43401	43821	44152	44458	44748	45057	45304	45588	45830	46056	46283	46511	46720	46875	47063	47256	47415	47566	47672	47805	47903	48015	48078	48167	48257	48362	48410	48497	48539	48581	48637	48687	48742	48771	48782	48802	48854	48862	48946	48975	48938	49006	49009	49004	49019	49032	49031	49028	49018	49006	49122	48978	49105	48985	49074	49062	49064	49032	49000
S09-A04	42879	43282	43605	43961	44315	44615	44927	45218	45469	45711	45965	46172	46372	46579	46776	46952	47128	47267	47393	47531	47660	47767	47862	47965	48049	48125	48204	48305	48520	48593	48637	48650	48721	48747	48601	48821	48671	48741	48731	48803	48820	48836	48863	48857	48891	48894	48896	49044	49054	49050	49049	49033	49043	49000	49021	49007	48990	48952	48933	48928
S10-A04	43258	43628	43954	44336	44617	44906	45189	45443	45726	45936	46187	46392	46587	46766	46930	47116	47254	47385	47541	47670	47751	47868	48104	48186	48251	48323	48403	48452	48492	48556	48599	48661	48683	48761	48789	48814	48841	48869	48911	48921	48956	48975	48983	48984	48997	48994	49006	49000	48995	48964	48990	48973	48961	48956	48947	48906	48914	48899	48872	48871
S11-A04	43025	43510	43865	44185	44497	44800	45096	45356	45635	45893	46140	46354	46568	46754	46947	47109	47289	47428	47567	47730	47842	47950	48052	48153	48235	48312	48390	48449	48517	48552	48592	48653	48692	48731	48803	48826	48829	48884	48901	48921	48954	48951	48959	48974	48959	48995	48986	48985	48984	48984	48997	48985	48948	48934	48931	49089	49068	48891	49029	49061
S12-A04	40037	42926	43462	43812	44119	43257	43523	44953	43984	44214	45631	44622	46010	46195	45117	46520	45395	46832	46920	45727	45838	47223	47310	47382	46126	47504	46246	46277	47645	46363	46408	48695	47831	47890	46597	47960	46677	48040	48080	46706	49019	46796	46796	46792	45115	48153	48152	46800	46794	48122	48115	49015	49020	48983	48057	48028	48010	46655	46627	46590
S01-A05	41873	42215	42535	42841	43109	43393	43660	43963	44209	44440	44669	44899	45076	45294	45451	45618	45785	45916	46059	46194	46326	46475	46563	46647	46763	46848	46912	46996	47060	47130	47160	47211	47274	47330	47362	47398	47402	47468	47487	47513	47555	47549	47570	47594	47606	47618	47634	47629	47647	47630	47651	47649	47618	47613	47609	47600	47573	47550	47529	47388
S02-A05	42168	42465	42800	43116	43365	43642	43928	44185	44418	44658	44891	45097	45331	45514	45710	45875	46038	46200	46344	46479	46611	46717	46801	46927	47020	47094	47148	47243	47314	47375	47411	47477	47552	47576	47618	47656	47696	47737	47718	47767	47773	47811	47832	47832	47855	47864	47872	47889	47884	47875	47874	47882	47831	47820	47822	47821	47816	47802	47759	47750
S03-A05	41912	42274	42645	42981	43302	43593	43884	44193	44441	44696	44930	45154	45359	45579	45757	45916	46097	46288	46407	46548	46687	46798	46959	47064	47144	47223	47336	47420	47527	47566	47616	47666	47722	47772	47824	47846	47878	47913	47918	47953	47981	48012	48020	48007	48055	48072	48071	48082	48078	48087	48082	48098	48058	48043	48030	48046	48010	48004	47975	47984
S04-A05	43154	43516	43867	44212	44526	44804	45084	45338	45594	45846	46077	46272	46516	46684	46882	47026	47177	47320	47469	47575	47724	47801	47925	48040	48061	48160	48209	48300	48368	48418	48470	48553	48554	48614	48641	48664	48702	48729	48728	48761	48794	48818	48841	48842	48848	48840	48870	48868	48874	48856	48835	48858	48828	48834	48812	48818	48795	48775	48751	48756
S05-A05	42547	42943	43266	43565	43853	44170	44414	44696	44968	45207	45483	45703	45885	46094	46292	46467	46646	46808	46928	47081	47184	47301	47431	47528	47633	47742	47822	47899	47999	48040	48095	48141	48194	48231	48283	48309	48338	48359	48377	48404	48440	48466	48478	48483	48501	48513	48529	48533	48540	48527	48558	48553	48544	48524	48516	48495	48487	48481	48449	48422
S06-A05	43189	43541	43913	44247	44591	44893	45178	45477	45754	45971	46179	46402	46667	46859	47035	47213	47342	47500	47645	47799	47922	48026	48151	48249	48335	48427	48509	48562	48645	48693	48761	48821	48854	48897	48943	48966	48997	49016	49083	49093	49106	49136	49145	49168	49164	49183	49185	49198	49192	49177	49169	49186	49170	49164	49147	49110	49132	49104	49082	49059
S07-A05	42813	43149	43499	43835	44142	44430	44676	44927	45169	45418	45793	46031	46224	46425	46590	46759	46893	47055	47179	47312	47438	47548	47647	47736	47833	47883	47967	47994	48090	48122	48173	48221	48258	48310	48359	48378	48416	48443	48463	48503	48524	48563	48564	48574	48561	48577	48612	48559	48580	48582	48563	48568	48540	48527	48530	48510	48524	48486	48470	48435
S08-A05	42762	43107	43427	43745	44039	44317	44578	44866	45109	45345	45576	45820	46038	46232	46426	46611	46776	46907	47059	47178	47300	47453	47681	47777	47865	47954	48044	48130	48208	48261	48323	48369	48436	48449	48496	48522	48567	48598	48625	48649	48682	48682	48704	48724	48721	48749	48755	48773	48770	48761	48758	48763	48764	48743	48711	48716	48716	48687	48683	48626
S09-A05	42716	43071	43418	43858	44203	44497	44805	45055	45313	45562	45797	46016	46204	46398	46562	46762	46932	47065	47210	47324	47441	47585	47692	47782	47865	47951	48042	48114	48187	48239	48313	48337	48383	48425	48443	48512	48535	48561	48576	48622	48660	48638	48669	48705	48709	48713	48720	48704	48723	48701	48689	48703	48684	48674	48653	48638	48629	48635	48580	48580
S10-A05	42961	43320	43694	44003	44284	44560	44871	45101	45363	45604	45791	46024	46219	46410	46592	46756	46959	47070	47369	47500	47615	47705	47805	47891	47967	48025	48102	48145	48208	48266	48310	48368	48405	48451	48485	48518	48546	48610	48607	48655	48666	48676	48709	48716	48725	48732	48723	48723	48713	48710	48718	48684	48725	48670	48665	48671	48650	48648	48635	48595
S11-A05	42752	43098	43412	43891	44185	44460	44763	45012	45300	45546	45778	45998	46215	46415	46607	46784	46957	47068	47221	47388	47463	47597	47722	47796	47910	47987	48118	48165	48249	48308	48330	48394	48451	48473	48523	48563	48528	48628	48641	48668	48688	48714	48723	48752	48744	48752	48779	48795	48740	48752	48754	48753	48720	48711	48740	48692	48676	48703	48650	48647
S12-A05	43055	43459	43828	44202	44496	44791	45093	45360	45609	45844	46087	46299	46491	46670	46841	46999	47148	47314	47445	47574	47674	47789	47885	47974	48034	48120	48180	46824	48534	48570	48643	48675	48738	48777	48811	48848	48890	48693	48716	48722	48737	48775	48773	48784	48782	49024	49073	49077	49052	49050	49029	49022	49009	48988	48986	49003	48946	48936	48959	48933
S01-A06	41161	41524	41808	42157	42505	42801	43079	43390	43606	43892	44129	44386	44548	44783	44984	45157	45333	45474	45625	45773	45898	46032	46134	46247	46342	46429	46493	46574	46696	46730	46805	46755	46816	46968	47017	47036	47101	47131	47178	47176	47221	47272	47288	47276	47333	47324	47234	47209	47214	47251	47231	47228	47225	47242	47207	47214	47201	47210	47141	47173
S02-A06	41598	41940	42266	42586	42881	43198	43462	43753	44019	44259	44521	44745	44961	45201	45374	45559	45756	45926	46085	46233	46376	46503	46615	46723	46828	46937	47018	47032	47149	47202	47276	47338	47387	47432	47468	47519	47549	47581	47601	47610	47708	47740	47718	47692	47709	47742	47776	47797	47784	47816	47793	47784	47797	47786	47792	47733	47749	47719	47726	47697
S03-A06	42361	42726	43126	43457	43809	44110	44447	44695	45007	45289	45551	45767	45965	46195	46354	46545	46710	46875	47001	47170	47291	47409	47532	47646	47737	47851	47941	47990	48082	48145	48183	48243	48280	48319	48376	48418	48451	48487	48511	48536	48561	48590	48639	48614	48613	48627	48651	48638	48624	48644	48647	48648	48637	48608	48605	48596	48585	48568	48545	48547
S04-A06	43222	43588	43945	44292	44637	44945	45222	45529	45793	46042	46271	46520	46717	46897	47094	47284	47406	47560	47702	47831	47947	48046	48143	48265	48350	48412	48471	48555	48602	48689	48716	48786	48837	48871	48909	48940	49000	49009	49060	49093	49102	49128	49136	49178	49153	49193	49193	49189	49203	49167	49185	49162	49150	49158	49143	49131	49114	49111	49082	49050
S05-A06	42546	42906	43304	43605	43901	44255	44509	44778	45055	45325	45568	45793	46004	46208	46404	46583	46788	46929	47071	47218	47353	47467	47555	47655	47771	47831	47933	48009	48068	48151	48205	48271	48293	48407	48394	48435	48463	48496	48524	48541	48572	48610	48639	48638	48661	48659	48698	48690	48678	48689	48695	48687	48684	48658	48656	48659	48652	48626	48603	48594
S06-A06	43070	43433	43810	44149	44498	44842	45118	45386	45627	45912	46124	46344	46574	46764	46942	47138	47275	47434	47584	47680	47821	47932	48026	48161	48239	48397	48487	48547	48622	48700	48737	48792	48849	48922	48938	48990	49000	49041	49061	49082	49098	49128	49153	49162	49168	49193	49202	49197	49200	49225	49236	49200	49201	49194	49184	49175	49161	49149	49121	49086
S07-A06	42928	43421	43765	44082	44394	44666	44974	45232	45461	45733	45960	46176	46374	46566	46761	46920	47099	47247	47373	47514	47615	47702	47785	47905	47971	48046	48235	48326	48385	48460	48500	48547	48610	48646	48703	48730	48777	48794	48836	48859	48899	48905	48927	48942	48943	48941	48944	48960	48936	48926	48961	48949	48958	48920	48931	48893	48904	48860	48845	48853
S08-A06	42751	43102	43470	43841	44154	44481	44757	45067	45316	45601	45827	46072	46305	46508	46704	46902	47057	47246	47356	47526	47650	47789	47878	48036	48113	48217	48317	48395	48484	48537	48574	48610	48675	48708	48780	48803	48843	48873	48884	48919	48940	48953	48958	48966	49033	49011	49043	49016	49045	49026	49003	49021	49002	48985	49020	48989	48948	48950	48935	48910
S09-A06	42921	43280	43658	43993	44334	44628	44946	45351	45494	45724	46076	46168	46533	46723	46904	46935	47234	47261	47397	47651	47804	47905	47997	48116	48234	48300	48381	48470	48502	48561	48609	48667	48721	48752	48820	48839	48857	48918	48930	48976	49006	49013	49013	49041	49061	49065	49063	49068	49056	49072	49045	49040	49026	49031	49014	49013	48989	48971	48934	48934
S10-A06	42806	43150	43469	43809	44087	44413	44847	45115	45355	45633	45842	46061	46228	46446	46645	46828	46984	47116	47310	47409	47523	47625	47705	47815	47889	47960	48034	48088	48166	48217	48300	48308	48354	48417	48491	48507	48499	48588	48603	48640	48620	48679	48693	48696	48700	48674	48726	48704	48690	48688	48689	48676	48655	48642	48619	48625	48600	48603	48559	48548
S11-A06	42681	43058	43420	43781	44103	44404	44697	44989	45247	45502	45766	46013	46204	46417	46600	46752	46939	47102	47244	47375	47500	47618	47868	47987	48082	48170	48244	48295	48370	48432	48495	48503	48575	48635	48667	48711	48729	48753	48790	48822	48827	48847	48866	48894	48902	48903	48905	48905	48928	48887	48932	48871	48876	48870	48881	48868	48850	48835	48817	48814
S12-A06	42128	43379	42801	43150	43432	44682	44937	44192	43072	43254	44855	45055	45188	45372	45553	45717	46918	44522	46103	46231	47412	46410	47589	46543	45131	46667	46997	47045	47112	47131	48342	48374	47282	47314	47366	47399	47460	48632	47519	45969	47535	47565	48739	48737	48752	47575	46033	47565	47569	47548	48700	47534	47520	47494	47499	47461	48603	45880	47393	47373
