Chip Run Info,D:\1530024086_resorufin\Array 5\ChipRun.bml,1530024086,FLEXsix [Array 5],Enzyme-Substrate Kinetics Oct18,ROX,FAM-MGB,16/07/2019 17:35:16,00:05:18,BIOMARKHD405,SamplePlateName: Undefined,SamplePlateBarCode: Undefined,ReagentPlateName: Undefined,ReagentPlateBarCode: Undefined
Application Version,4.5.2
Application Build,20180628.1231
Export Type,Table Results with Raw Data
Quality Threshold,0.65
Baseline Correction Method,Linear (Derivative)
Ct Threshold Method,Auto (Global)


Experiment Information,Experiment Information,Experiment Information,Experiment Information,Experiment Information,Experiment Information,FAM-MGB,FAM-MGB,FAM-MGB,FAM-MGB
Chamber,Sample,Sample,Sample,FAM-MGB,FAM-MGB,Ct,Ct,Ct,Ct
ID,Name,Type,rConc,Name,Type,Value,Quality,Call,Threshold
S01-A06,S01,Unknown,1,A06,Test,999,0,Flag,0.249439261142203
S02-A06,S02,Unknown,1,A06,Test,999,0,Flag,0.249439261142203
S03-A06,S03,Unknown,1,A06,Test,999,0,Flag,0.249439261142203
S04-A06,S04,Unknown,1,A06,Test,999,0,Flag,0.249439261142203
S05-A06,S05,Unknown,1,A06,Test,999,0,Flag,0.249439261142203
S06-A06,S06,Unknown,1,A06,Test,999,0,Flag,0.249439261142203
S07-A06,S07,Unknown,1,A06,Test,999,0,Flag,0.249439261142203
S08-A06,S08,Unknown,1,A06,Test,999,0,Flag,0.249439261142203
S09-A06,S09,Unknown,1,A06,Test,8.86631347438352,0,Flag,0.249439261142203
S10-A06,S10,Unknown,1,A06,Test,3.97794867048649,0.586724138570856,Flag,0.249439261142203
S11-A06,S11,Unknown,1,A06,Test,999,0,Flag,0.249439261142203
S12-A06,S12,Unknown,1,A06,Test,999,0,Flag,0.249439261142203
S01-A05,S01,Unknown,1,A05,Test,999,0,Flag,0.249439261142203
S02-A05,S02,Unknown,1,A05,Test,999,0,Flag,0.249439261142203
S03-A05,S03,Unknown,1,A05,Test,999,0,Flag,0.249439261142203
S04-A05,S04,Unknown,1,A05,Test,999,0,Flag,0.249439261142203
S05-A05,S05,Unknown,1,A05,Test,999,0,Flag,0.249439261142203
S06-A05,S06,Unknown,1,A05,Test,999,0,Flag,0.249439261142203
S07-A05,S07,Unknown,1,A05,Test,999,0,Flag,0.249439261142203
S08-A05,S08,Unknown,1,A05,Test,999,0,Flag,0.249439261142203
S09-A05,S09,Unknown,1,A05,Test,999,0,Flag,0.249439261142203
S10-A05,S10,Unknown,1,A05,Test,999,0,Flag,0.249439261142203
S11-A05,S11,Unknown,1,A05,Test,4.26201916291434,0,Flag,0.249439261142203
S12-A05,S12,Unknown,1,A05,Test,999,0,Flag,0.249439261142203
S01-A04,S01,Unknown,1,A04,Test,999,0,Flag,0.249439261142203
S02-A04,S02,Unknown,1,A04,Test,999,0,Flag,0.249439261142203
S03-A04,S03,Unknown,1,A04,Test,999,0,Flag,0.249439261142203
S04-A04,S04,Unknown,1,A04,Test,999,0,Flag,0.249439261142203
S05-A04,S05,Unknown,1,A04,Test,999,0,Flag,0.249439261142203
S06-A04,S06,Unknown,1,A04,Test,999,0,Flag,0.249439261142203
S07-A04,S07,Unknown,1,A04,Test,999,0,Flag,0.249439261142203
S08-A04,S08,Unknown,1,A04,Test,999,0,Flag,0.249439261142203
S09-A04,S09,Unknown,1,A04,Test,6.27021820017506,0.594890200064095,Flag,0.249439261142203
S10-A04,S10,Unknown,1,A04,Test,4.66820014631173,0.375910375909718,Flag,0.249439261142203
S11-A04,S11,Unknown,1,A04,Test,4.5,0,Flag,0.249439261142203
S12-A04,S12,Unknown,1,A04,Test,999,0,Flag,0.249439261142203
S01-A03,S01,Unknown,1,A03,Test,999,0,Flag,0.249439261142203
S02-A03,S02,Unknown,1,A03,Test,999,0,Flag,0.249439261142203
S03-A03,S03,Unknown,1,A03,Test,999,0,Flag,0.249439261142203
S04-A03,S04,Unknown,1,A03,Test,999,0,Flag,0.249439261142203
S05-A03,S05,Unknown,1,A03,Test,999,0,Flag,0.249439261142203
S06-A03,S06,Unknown,1,A03,Test,999,0,Flag,0.249439261142203
S07-A03,S07,Unknown,1,A03,Test,999,0,Flag,0.249439261142203
S08-A03,S08,Unknown,1,A03,Test,999,0,Flag,0.249439261142203
S09-A03,S09,Unknown,1,A03,Test,999,0,Flag,0.249439261142203
S10-A03,S10,Unknown,1,A03,Test,4.10759008743161,0.227059747044394,Flag,0.249439261142203
S11-A03,S11,Unknown,1,A03,Test,999,0,Flag,0.249439261142203
S12-A03,S12,Unknown,1,A03,Test,2.5,0,Flag,0.249439261142203
S01-A02,S01,Unknown,1,A02,Test,999,0,Flag,0.249439261142203
S02-A02,S02,Unknown,1,A02,Test,999,0,Flag,0.249439261142203
S03-A02,S03,Unknown,1,A02,Test,999,0,Flag,0.249439261142203
S04-A02,S04,Unknown,1,A02,Test,999,0,Flag,0.249439261142203
S05-A02,S05,Unknown,1,A02,Test,999,0,Flag,0.249439261142203
S06-A02,S06,Unknown,1,A02,Test,999,0,Flag,0.249439261142203
S07-A02,S07,Unknown,1,A02,Test,999,0,Flag,0.249439261142203
S08-A02,S08,Unknown,1,A02,Test,999,0,Flag,0.249439261142203
S09-A02,S09,Unknown,1,A02,Test,999,0,Flag,0.249439261142203
S10-A02,S10,Unknown,1,A02,Test,999,0,Flag,0.249439261142203
S11-A02,S11,Unknown,1,A02,Test,999,0,Flag,0.249439261142203
S12-A02,S12,Unknown,1,A02,Test,2.5,0,Flag,0.249439261142203
S01-A01,S01,Unknown,1,A01,Test,999,0,Flag,0.249439261142203
S02-A01,S02,Unknown,1,A01,Test,999,0,Flag,0.249439261142203
S03-A01,S03,Unknown,1,A01,Test,999,0,Flag,0.249439261142203
S04-A01,S04,Unknown,1,A01,Test,999,0,Flag,0.249439261142203
S05-A01,S05,Unknown,1,A01,Test,999,0,Flag,0.249439261142203
S06-A01,S06,Unknown,1,A01,Test,999,0,Flag,0.249439261142203
S07-A01,S07,Unknown,1,A01,Test,999,0,Flag,0.249439261142203
S08-A01,S08,Unknown,1,A01,Test,999,0,Flag,0.249439261142203
S09-A01,S09,Unknown,1,A01,Test,999,0,Flag,0.249439261142203
S10-A01,S10,Unknown,1,A01,Test,2.99744644688164,0.0560043742925963,Flag,0.249439261142203
S11-A01,S11,Unknown,1,A01,Test,3.5,0,Flag,0.249439261142203
S12-A01,S12,Unknown,1,A01,Test,999,0,Flag,0.249439261142203
S01-A12,S01,Unknown,1,A12,Test,999,0,Flag,0.249439261142203
S02-A12,S02,Unknown,1,A12,Test,999,0,Flag,0.249439261142203
S03-A12,S03,Unknown,1,A12,Test,999,0,Flag,0.249439261142203
S04-A12,S04,Unknown,1,A12,Test,999,0,Flag,0.249439261142203
S05-A12,S05,Unknown,1,A12,Test,999,0,Flag,0.249439261142203
S06-A12,S06,Unknown,1,A12,Test,999,0,Flag,0.249439261142203
S07-A12,S07,Unknown,1,A12,Test,999,0,Flag,0.249439261142203
S08-A12,S08,Unknown,1,A12,Test,999,0,Flag,0.249439261142203
S09-A12,S09,Unknown,1,A12,Test,999,0,Flag,0.249439261142203
S10-A12,S10,Unknown,1,A12,Test,2.5,0.0839727204461062,Flag,0.249439261142203
S11-A12,S11,Unknown,1,A12,Test,3.58154263768998,0,Flag,0.249439261142203
S12-A12,S12,Unknown,1,A12,Test,6.04501176796659,0,Flag,0.249439261142203
S01-A11,S01,Unknown,1,A11,Test,999,0,Flag,0.249439261142203
S02-A11,S02,Unknown,1,A11,Test,999,0,Flag,0.249439261142203
S03-A11,S03,Unknown,1,A11,Test,999,0,Flag,0.249439261142203
S04-A11,S04,Unknown,1,A11,Test,999,0,Flag,0.249439261142203
S05-A11,S05,Unknown,1,A11,Test,999,0,Flag,0.249439261142203
S06-A11,S06,Unknown,1,A11,Test,999,0,Flag,0.249439261142203
S07-A11,S07,Unknown,1,A11,Test,999,0,Flag,0.249439261142203
S08-A11,S08,Unknown,1,A11,Test,999,0,Flag,0.249439261142203
S09-A11,S09,Unknown,1,A11,Test,999,0,Flag,0.249439261142203
S10-A11,S10,Unknown,1,A11,Test,999,0,Flag,0.249439261142203
S11-A11,S11,Unknown,1,A11,Test,5.08259946711482,0,Flag,0.249439261142203
S12-A11,S12,Unknown,1,A11,Test,2.5,0,Flag,0.249439261142203
S01-A10,S01,Unknown,1,A10,Test,999,0,Flag,0.249439261142203
S02-A10,S02,Unknown,1,A10,Test,999,0,Flag,0.249439261142203
S03-A10,S03,Unknown,1,A10,Test,999,0,Flag,0.249439261142203
S04-A10,S04,Unknown,1,A10,Test,999,0,Flag,0.249439261142203
S05-A10,S05,Unknown,1,A10,Test,999,0,Flag,0.249439261142203
S06-A10,S06,Unknown,1,A10,Test,999,0,Flag,0.249439261142203
S07-A10,S07,Unknown,1,A10,Test,999,0,Flag,0.249439261142203
S08-A10,S08,Unknown,1,A10,Test,999,0,Flag,0.249439261142203
S09-A10,S09,Unknown,1,A10,Test,999,0,Flag,0.249439261142203
S10-A10,S10,Unknown,1,A10,Test,999,0,Flag,0.249439261142203
S11-A10,S11,Unknown,1,A10,Test,2.5,0,Flag,0.249439261142203
S12-A10,S12,Unknown,1,A10,Test,999,0,Flag,0.249439261142203
S01-A09,S01,Unknown,1,A09,Test,999,0,Flag,0.249439261142203
S02-A09,S02,Unknown,1,A09,Test,999,0,Flag,0.249439261142203
S03-A09,S03,Unknown,1,A09,Test,999,0,Flag,0.249439261142203
S04-A09,S04,Unknown,1,A09,Test,999,0,Flag,0.249439261142203
S05-A09,S05,Unknown,1,A09,Test,999,0,Flag,0.249439261142203
S06-A09,S06,Unknown,1,A09,Test,999,0,Flag,0.249439261142203
S07-A09,S07,Unknown,1,A09,Test,999,0,Flag,0.249439261142203
S08-A09,S08,Unknown,1,A09,Test,999,0,Flag,0.249439261142203
S09-A09,S09,Unknown,1,A09,Test,999,0,Flag,0.249439261142203
S10-A09,S10,Unknown,1,A09,Test,999,0,Flag,0.249439261142203
S11-A09,S11,Unknown,1,A09,Test,2.5,0,Flag,0.249439261142203
S12-A09,S12,Unknown,1,A09,Test,6.16420183941984,0.860677391180689,Pass,0.249439261142203
S01-A08,S01,Unknown,1,A08,Test,999,0,Flag,0.249439261142203
S02-A08,S02,Unknown,1,A08,Test,999,0,Flag,0.249439261142203
S03-A08,S03,Unknown,1,A08,Test,999,0,Flag,0.249439261142203
S04-A08,S04,Unknown,1,A08,Test,999,0,Flag,0.249439261142203
S05-A08,S05,Unknown,1,A08,Test,999,0,Flag,0.249439261142203
S06-A08,S06,Unknown,1,A08,Test,999,0,Flag,0.249439261142203
S07-A08,S07,Unknown,1,A08,Test,999,0,Flag,0.249439261142203
S08-A08,S08,Unknown,1,A08,Test,999,0,Flag,0.249439261142203
S09-A08,S09,Unknown,1,A08,Test,8.28822001980925,0,Flag,0.249439261142203
S10-A08,S10,Unknown,1,A08,Test,999,0,Flag,0.249439261142203
S11-A08,S11,Unknown,1,A08,Test,999,0,Flag,0.249439261142203
S12-A08,S12,Unknown,1,A08,Test,7.5,0,Flag,0.249439261142203
S01-A07,S01,Unknown,1,A07,Test,999,0,Flag,0.249439261142203
S02-A07,S02,Unknown,1,A07,Test,999,0,Flag,0.249439261142203
S03-A07,S03,Unknown,1,A07,Test,999,0,Flag,0.249439261142203
S04-A07,S04,Unknown,1,A07,Test,999,0,Flag,0.249439261142203
S05-A07,S05,Unknown,1,A07,Test,999,0,Flag,0.249439261142203
S06-A07,S06,Unknown,1,A07,Test,999,0,Flag,0.249439261142203
S07-A07,S07,Unknown,1,A07,Test,999,0,Flag,0.249439261142203
S08-A07,S08,Unknown,1,A07,Test,999,0,Flag,0.249439261142203
S09-A07,S09,Unknown,1,A07,Test,4.26791611397035,0.267518658685078,Flag,0.249439261142203
S10-A07,S10,Unknown,1,A07,Test,8.56265988780972,0,Flag,0.249439261142203
S11-A07,S11,Unknown,1,A07,Test,7.5,0,Flag,0.249439261142203
S12-A07,S12,Unknown,1,A07,Test,999,0,Flag,0.249439261142203

Dose Meter Reading Data
Cycle Number, 1, 2, 3, 4, 5, 6, 7, 8, 9, 10,
ROX,18303,18302,18303,18304,18303,18301,18303,18301,18301,18300
FAM-MGB,471328,471192,471090,471021,470986,470905,470905,470848,470786,470800

Raw Data for Passive Reference ROX
Chamber ID, 1, 2, 3, 4, 5, 6, 7, 8, 9, 10,
S01-A07,16436,16378,16291,16250,16240,16180,16129,16116,16071,16039,
S02-A07,15091,15054,14976,14952,14947,14897,14857,14827,14801,14751,
S03-A07,14045,14102,14035,14001,13987,13957,13925,13891,13878,13821,
S04-A07,12916,12888,12834,12811,12794,12776,12741,12703,12681,12649,
S05-A07,11279,11251,11214,11186,11173,11146,11125,11109,11088,11056,
S06-A07,8929,8931,8905,8886,8889,8867,8856,8833,8833,8802,
S07-A07,6442,6459,6441,6447,6434,6429,6428,6422,6415,6399,
S08-A07,4975,4965,4962,4962,4963,4961,4953,4952,4948,4949,
S09-A07,4107,4124,4118,4120,4116,4110,4119,4108,4107,4114,
S10-A07,3382,3368,3355,3360,3357,3351,3356,3357,3349,3350,
S11-A07,2742,2676,2726,2676,2718,2664,2722,2726,2717,2669,
S12-A07,2315,2317,2314,2315,2312,2313,2318,2317,2317,2317,
S01-A08,16740,16691,16606,16573,16545,16498,16461,16430,16384,16353,
S02-A08,15449,15438,15373,15324,15325,15274,15243,15214,15178,15133,
S03-A08,14504,14558,14498,14476,14451,14414,14377,14351,14307,14278,
S04-A08,13272,13261,13214,13190,13171,13141,13106,13080,13055,13024,
S05-A08,11603,11553,11531,11506,11488,11467,11444,11425,11392,11359,
S06-A08,9265,9269,9252,9226,9235,9212,9197,9190,9165,9151,
S07-A08,6703,6709,6697,6698,6700,6687,6680,6683,6678,6662,
S08-A08,5175,5171,5171,5166,5155,5163,5161,5164,5159,5159,
S09-A08,4236,4263,4256,4254,4261,4255,4251,4252,4253,4252,
S10-A08,3421,3409,3394,3396,3396,3390,3395,3393,3383,3393,
S11-A08,2707,2721,2658,2715,2650,2706,2657,2712,2655,2702,
S12-A08,2335,2338,2340,2338,2340,2337,2340,2337,2339,2339,
S01-A09,17136,17112,17033,16964,16959,16909,16860,16831,16766,16726,
S02-A09,15771,15728,15667,15621,15617,15562,15517,15479,15438,15385,
S03-A09,14701,14754,14686,14646,14622,14595,14550,14527,14482,14463,
S04-A09,13513,13530,13474,13434,13418,13387,13352,13309,13284,13239,
S05-A09,11863,11841,11797,11772,11757,11734,11701,11669,11643,11609,
S06-A09,9646,9650,9619,9595,9586,9579,9539,9534,9521,9494,
S07-A09,6823,6853,6837,6830,6825,6811,6800,6791,6786,6769,
S08-A09,5247,5244,5243,5226,5232,5221,5223,5214,5208,5209,
S09-A09,4284,4315,4293,4304,4290,4280,4288,4284,4270,4281,
S10-A09,3459,3444,3435,3434,3430,3432,3429,3436,3421,3431,
S11-A09,2687,2748,2685,2734,2676,2729,2684,2731,2678,2735,
S12-A09,2356,2355,2354,2355,2356,2352,2355,2356,2352,2353,
S01-A10,16337,16258,16171,16127,16098,16044,15983,15935,15895,15857,
S02-A10,14932,14843,14790,14720,14711,14670,14607,14609,14555,14520,
S03-A10,14062,14048,13997,13944,13935,13884,13847,13833,13793,13758,
S04-A10,12895,12894,12846,12801,12783,12756,12723,12701,12665,12632,
S05-A10,11182,11156,11098,11071,11034,11002,10987,10965,10930,10899,
S06-A10,8977,8970,8935,8904,8905,8884,8857,8841,8824,8800,
S07-A10,6484,6499,6480,6470,6459,6447,6433,6426,6406,6394,
S08-A10,4921,4902,4897,4890,4883,4879,4863,4866,4854,4851,
S09-A10,4040,4030,4028,4022,4012,4010,4008,4002,3995,3999,
S10-A10,3332,3319,3309,3307,3301,3301,3296,3299,3289,3291,
S11-A10,2661,2699,2694,2657,2692,2652,2690,2654,2684,2654,
S12-A10,2357,2357,2353,2357,2355,2355,2356,2356,2356,2357,
S01-A11,15785,15733,15666,15621,15605,15546,15504,15462,15428,15376,
S02-A11,14590,14523,14456,14431,14400,14379,14328,14303,14271,14241,
S03-A11,13543,13532,13479,13431,13434,13404,13353,13339,13303,13272,
S04-A11,12271,12301,12255,12219,12210,12182,12140,12128,12097,12058,
S05-A11,10764,10726,10689,10670,10652,10635,10616,10603,10585,10560,
S06-A11,8600,8595,8559,8541,8538,8517,8489,8481,8470,8452,
S07-A11,6144,6147,6135,6122,6117,6104,6095,6090,6083,6061,
S08-A11,4549,4548,4537,4538,4531,4522,4514,4517,4509,4497,
S09-A11,3738,3738,3729,3724,3719,3719,3714,3712,3707,3705,
S10-A11,3137,3111,3110,3108,3110,3112,3101,3110,3093,3103,
S11-A11,2611,2627,2619,2622,2622,2614,2620,2618,2614,2619,
S12-A11,2338,2339,2335,2335,2335,2333,2336,2336,2335,2336,
S01-A12,15288,15301,15224,15167,15164,15115,15059,15041,14990,14954,
S02-A12,14055,14020,13974,13915,13907,13872,13838,13808,13784,13752,
S03-A12,13080,13096,13048,12998,12988,12972,12916,12903,12871,12841,
S04-A12,11846,11946,11887,11857,11861,11825,11800,11771,11742,11718,
S05-A12,10389,10391,10346,10322,10326,10299,10280,10258,10248,10210,
S06-A12,8175,8157,8124,8110,8115,8086,8077,8071,8051,8031,
S07-A12,5934,5945,5934,5913,5917,5903,5900,5878,5875,5869,
S08-A12,4365,4366,4347,4352,4351,4345,4340,4334,4328,4321,
S09-A12,3582,3578,3568,3570,3562,3558,3565,3566,3560,3561,
S10-A12,2985,2995,2989,2992,2988,2985,2988,2984,2981,2986,
S11-A12,2588,2582,2578,2580,2577,2571,2575,2575,2571,2579,
S12-A12,2339,2336,2338,2339,2337,2336,2338,2337,2335,2337,
S01-A01,15018,15029,14937,14897,14872,14831,14791,14754,14715,14680,
S02-A01,13908,13868,13817,13768,13751,13712,13680,13658,13634,13586,
S03-A01,13054,13014,12939,12916,12901,12863,12838,12817,12800,12763,
S04-A01,11699,11739,11682,11666,11653,11626,11606,11585,11567,11540,
S05-A01,10152,10162,10115,10093,10091,10067,10047,10036,10002,9986,
S06-A01,8055,8045,8026,8007,7993,7981,7976,7960,7937,7923,
S07-A01,5786,5778,5767,5752,5756,5743,5731,5723,5722,5701,
S08-A01,4166,4185,4180,4179,4170,4167,4161,4159,4154,4144,
S09-A01,3438,3428,3427,3422,3418,3417,3415,3411,3410,3410,
S10-A01,2933,2945,2935,2936,2932,2931,2933,2929,2925,2927,
S11-A01,2548,2543,2542,2539,2541,2537,2539,2537,2537,2540,
S12-A01,2321,2312,2314,2321,2320,2322,2322,2320,2324,2321,
S01-A02,15040,15123,15053,14985,14985,14931,14894,14863,14814,14794,
S02-A02,13857,13838,13769,13728,13731,13672,13642,13605,13596,13554,
S03-A02,12958,12907,12871,12819,12809,12776,12751,12728,12704,12666,
S04-A02,11689,11719,11669,11645,11637,11601,11585,11568,11552,11513,
S05-A02,10162,10163,10140,10105,10106,10085,10057,10057,10027,10013,
S06-A02,8112,8097,8078,8071,8062,8044,8028,8015,8007,7982,
S07-A02,6676,6678,6664,6658,6648,6641,6635,6633,6627,6619,
S08-A02,4300,4313,4302,4302,4300,4301,4289,4286,4282,4278,
S09-A02,3560,3558,3555,3552,3549,3545,3537,3541,3539,3538,
S10-A02,3058,3057,3052,3049,3051,3048,3045,3046,3040,3040,
S11-A02,2626,2617,2611,2615,2616,2610,2617,2619,2606,2609,
S12-A02,2314,2313,2312,2296,2312,2293,2311,2293,2313,2303,
S01-A03,14669,14754,14684,14628,14620,14587,14528,14504,14480,14419,
S02-A03,13605,13588,13522,13495,13477,13441,13406,13391,13383,13319,
S03-A03,12789,12770,12715,12664,12668,12648,12595,12585,12553,12522,
S04-A03,11569,11567,11516,11493,11482,11453,11436,11422,11388,11359,
S05-A03,9894,9957,9914,9887,9884,9870,9842,9835,9816,9786,
S06-A03,7835,7838,7812,7798,7794,7779,7756,7765,7731,7714,
S07-A03,5689,5680,5670,5646,5658,5644,5634,5626,5624,5614,
S08-A03,4170,4171,4167,4165,4163,4162,4154,4149,4150,4144,
S09-A03,3423,3423,3422,3414,3420,3415,3411,3417,3408,3407,
S10-A03,2951,2947,2944,2946,2944,2939,2946,2937,2935,2938,
S11-A03,2609,2588,2581,2582,2584,2579,2581,2580,2581,2602,
S12-A03,2240,2242,2238,2244,2241,2239,2240,2239,2241,2242,
S01-A04,14271,14295,14218,14165,14143,14114,14063,14044,13998,13975,
S02-A04,13066,13110,13048,12995,13002,12960,12927,12913,12868,12847,
S03-A04,12246,12221,12176,12137,12124,12093,12063,12066,12019,11993,
S04-A04,11102,11102,11048,11022,11015,10997,10957,10952,10928,10904,
S05-A04,9513,9556,9519,9507,9505,9480,9456,9446,9424,9405,
S06-A04,7459,7484,7453,7442,7434,7425,7412,7399,7388,7361,
S07-A04,5203,5197,5181,5177,5163,5164,5156,5152,5145,5139,
S08-A04,3724,3719,3714,3712,3716,3711,3708,3699,3700,3692,
S09-A04,3004,3014,3010,3008,3009,3005,3004,3004,2999,2994,
S10-A04,2633,2630,2627,2627,2629,2627,2625,2624,2622,2622,
S11-A04,2418,2443,2439,2442,2441,2443,2441,2442,2436,2440,
S12-A04,2213,2206,2211,2209,2207,2210,2213,2207,2208,2209,
S01-A05,14049,14018,13952,13900,13888,13842,13810,13774,13746,13704,
S02-A05,12765,12832,12762,12723,12728,12686,12649,12631,12618,12565,
S03-A05,12032,12007,11962,11920,11922,11887,11863,11834,11821,11766,
S04-A05,10942,10907,10864,10842,10833,10811,10786,10762,10758,10708,
S05-A05,9303,9295,9268,9237,9232,9216,9199,9181,9171,9142,
S06-A05,7250,7306,7277,7260,7265,7254,7239,7227,7215,7205,
S07-A05,5003,4993,4983,4971,4968,4966,4954,4958,4945,4940,
S08-A05,3577,3572,3567,3567,3562,3561,3555,3559,3551,3553,
S09-A05,2881,2879,2879,2881,2880,2874,2880,2873,2874,2875,
S10-A05,2516,2519,2515,2514,2515,2515,2513,2513,2510,2512,
S11-A05,2327,2366,2362,2362,2363,2364,2364,2361,2361,2361,
S12-A05,2202,2200,2203,2201,2199,2201,2195,2200,2199,2200,
S01-A06,14080,14044,13992,13927,13921,13888,13848,13817,13784,13746,
S02-A06,12906,12912,12856,12811,12808,12781,12751,12720,12703,12661,
S03-A06,12003,12014,11961,11910,11917,11884,11854,11844,11815,11789,
S04-A06,10938,10895,10856,10839,10824,10801,10775,10755,10727,10708,
S05-A06,9350,9324,9281,9273,9259,9243,9220,9209,9192,9173,
S06-A06,7270,7290,7253,7249,7244,7237,7218,7207,7195,7172,
S07-A06,5003,5011,4996,4988,4999,4986,4968,4963,4957,4954,
S08-A06,3555,3554,3545,3542,3542,3544,3539,3530,3534,3528,
S09-A06,2845,2850,2849,2848,2845,2845,2842,2842,2841,2836,
S10-A06,2487,2492,2489,2487,2489,2487,2489,2488,2484,2485,
S11-A06,2336,2337,2336,2334,2335,2335,2334,2332,2334,2334,
S12-A06,2183,2185,2180,2183,2181,2184,2183,2186,2183,2184,

Raw Data for Probe FAM-MGB
Chamber ID, 1, 2, 3, 4, 5, 6, 7, 8, 9, 10,
S01-A07,39857,40057,40251,40419,40595,40732,40905,41021,41170,41293,
S02-A07,40875,41087,41259,41410,41581,41738,41896,42038,42171,42306,
S03-A07,40181,40368,40549,40721,40896,41048,41171,41332,41466,41586,
S04-A07,39828,40026,40192,40366,40556,40680,40859,40993,41137,41260,
S05-A07,39465,39648,39838,40011,40161,40318,40476,40578,40746,40871,
S06-A07,38965,39159,39346,39515,39686,39850,39985,40108,40281,40403,
S07-A07,40085,40294,40477,40643,40818,40968,41100,41208,41400,41509,
S08-A07,39267,39468,39654,39817,39967,40100,40258,40405,40519,40644,
S09-A07,39304,39499,39659,39847,40000,40134,40307,40429,40539,40661,
S10-A07,38546,38744,38950,39105,39257,39397,39544,39703,39810,39933,
S11-A07,37700,37896,38085,38261,38408,38571,38707,38859,38990,39122,
S12-A07,27089,27479,27663,27830,27824,28157,28292,28220,28539,28630,
S01-A08,40187,40423,40590,40786,40963,41103,41269,41390,41532,41660,
S02-A08,41388,41598,41806,41968,42153,42295,42455,42593,42712,42884,
S03-A08,40734,40951,41125,41316,41481,41650,41807,41932,42083,42194,
S04-A08,40327,40514,40733,40911,41082,41242,41370,41535,41673,41824,
S05-A08,39846,40058,40255,40419,40604,40741,40904,41045,41175,41298,
S06-A08,39282,39506,39666,39872,40006,40175,40374,40497,40647,40758,
S07-A08,40563,40783,40992,41139,41303,41469,41610,41739,41899,41997,
S08-A08,39510,39727,39890,40087,40258,40412,40581,40694,40848,40972,
S09-A08,39377,39577,39765,39948,40097,40287,40410,40566,40692,40833,
S10-A08,38668,38877,39077,39233,39428,39575,39721,39834,39993,40111,
S11-A08,37915,38092,38280,38465,38647,38811,38934,39061,39196,39334,
S12-A08,22949,27441,27715,27895,28080,28114,28384,23842,28470,28689,
S01-A09,41473,41672,41870,42048,42198,42370,42516,42647,42792,42953,
S02-A09,42461,42662,42870,43052,43186,43362,43534,43670,43797,43964,
S03-A09,41618,41852,42057,42216,42401,42540,42707,42852,42975,43113,
S04-A09,41271,41438,41644,41823,41968,42146,42291,42439,42552,42698,
S05-A09,40974,41199,41386,41532,41690,41840,42015,42123,42304,42406,
S06-A09,40499,40713,40883,41070,41226,41391,41526,41701,41808,41946,
S07-A09,41576,41797,41946,42148,42278,42418,42576,42698,42823,42968,
S08-A09,40405,40608,40757,40947,41123,41288,41438,41565,41707,41837,
S09-A09,40458,40635,40812,41000,41177,41299,41446,41609,41742,41874,
S10-A09,39996,40195,40367,40544,40706,40885,41015,41163,41292,41418,
S11-A09,39135,39325,39510,39696,39871,40030,40188,40305,40453,40580,
S12-A09,27368,27568,27755,27430,28111,27726,28420,28531,28613,28162,
S01-A10,40209,40356,40527,40695,40826,40995,41154,41305,41413,41526,
S02-A10,41157,41313,41462,41625,41802,41926,42053,42169,42329,42450,
S03-A10,40723,40900,41041,41207,41370,41523,41658,41793,41926,42037,
S04-A10,40404,40580,40738,40866,41052,41193,41364,41505,41618,41717,
S05-A10,39754,39914,40078,40245,40386,40550,40678,40790,40959,41069,
S06-A10,39358,39516,39676,39830,39977,40121,40266,40393,40505,40628,
S07-A10,40814,40948,41099,41264,41372,41509,41674,41795,41906,42017,
S08-A10,39660,39814,39966,40141,40269,40380,40516,40675,40787,40915,
S09-A10,39636,39808,39942,40109,40282,40379,40527,40658,40811,40903,
S10-A10,38929,39080,39193,39365,39507,39648,39757,39919,40021,40153,
S11-A10,38228,38384,38516,38657,38812,38948,39117,39220,39349,39473,
S12-A10,26933,27093,27261,27115,27599,27730,27868,27983,28064,28150,
S01-A11,39047,39224,39418,39608,39758,39873,40046,40187,40306,40449,
S02-A11,40325,40521,40660,40835,40967,41151,41290,41439,41557,41672,
S03-A11,39518,39708,39859,40019,40179,40346,40510,40622,40759,40883,
S04-A11,39179,39316,39504,39676,39836,40008,40121,40257,40414,40531,
S05-A11,38747,38956,39123,39295,39458,39585,39748,39865,40003,40120,
S06-A11,38528,38734,38883,39028,39209,39356,39491,39635,39780,39889,
S07-A11,39779,39977,40138,40306,40448,40569,40725,40836,40998,41102,
S08-A11,38618,38787,38946,39111,39253,39423,39521,39695,39786,39919,
S09-A11,38648,38814,38984,39127,39284,39416,39545,39695,39811,39918,
S10-A11,37805,37947,38123,38259,38431,38564,38694,38834,38944,39031,
S11-A11,37075,37262,37447,37607,37757,37892,38024,38157,38280,38409,
S12-A11,25406,25568,25746,25918,26089,26204,26334,26431,26525,26610,
S01-A12,38130,38312,38504,38642,38819,38944,39115,39241,39371,39466,
S02-A12,39103,39286,39465,39588,39766,39896,40057,40188,40303,40452,
S03-A12,38378,38548,38734,38874,39063,39206,39353,39505,39616,39737,
S04-A12,38094,38285,38463,38612,38786,38922,39092,39208,39358,39483,
S05-A12,38007,38186,38371,38547,38664,38816,38986,39084,39234,39334,
S06-A12,37545,37720,37903,38036,38184,38363,38510,38638,38746,38888,
S07-A12,38751,38932,39078,39266,39438,39563,39691,39867,39988,40105,
S08-A12,37597,37798,37983,38141,38285,38442,38588,38709,38838,38972,
S09-A12,37848,37986,38188,38342,38482,38615,38784,38915,39044,39137,
S10-A12,36824,36978,37136,37302,37460,37596,37752,37886,38013,38115,
S11-A12,35830,36010,36158,36364,36480,36617,36756,36904,37038,37144,
S12-A12,24426,24608,24772,24932,25074,25215,25325,25449,25519,25609,
S01-A01,37518,37682,37847,38005,38162,38324,38429,38572,38698,38849,
S02-A01,38848,39001,39182,39387,39506,39658,39803,39937,40066,40213,
S03-A01,38268,38450,38646,38824,38977,39132,39281,39418,39570,39702,
S04-A01,37831,37984,38199,38347,38523,38695,38824,38951,39097,39244,
S05-A01,37443,37632,37778,37945,38129,38269,38425,38544,38701,38830,
S06-A01,36822,37004,37177,37311,37478,37630,37803,37884,38046,38173,
S07-A01,37490,37656,37788,37979,38110,38243,38363,38527,38646,38766,
S08-A01,37068,37269,37440,37605,37761,37895,38051,38194,38308,38444,
S09-A01,37306,37499,37661,37839,37997,38133,38289,38417,38542,38649,
S10-A01,36437,36632,36793,36951,37115,37247,37380,37522,37641,37751,
S11-A01,35615,35790,35956,36127,36270,36420,36563,36719,36857,36952,
S12-A01,27791,31780,31994,28397,24389,24535,24640,24757,24853,24928,
S01-A02,37056,37212,37385,37559,37738,37882,38018,38138,38276,38404,
S02-A02,38025,38209,38380,38528,38725,38839,38996,39151,39285,39427,
S03-A02,37255,37411,37583,37785,37917,38089,38232,38374,38511,38623,
S04-A02,36952,37131,37300,37477,37643,37808,37925,38096,38219,38359,
S05-A02,36647,36832,37021,37145,37347,37498,37628,37765,37899,38042,
S06-A02,36277,36468,36643,36804,36949,37103,37267,37377,37533,37654,
S07-A02,37318,37485,37647,37817,37984,38108,38245,38378,38488,38609,
S08-A02,36389,36566,36739,36883,37057,37165,37331,37464,37584,37717,
S09-A02,36391,36587,36756,36892,37046,37199,37335,37471,37574,37704,
S10-A02,35737,35912,36095,36259,36391,36562,36705,36814,36951,37081,
S11-A02,34689,34858,35029,35204,35350,35492,35664,35765,35910,36019,
S12-A02,26662,26878,27060,33426,27446,33784,27738,34104,27971,31970,
S01-A03,36525,36702,36848,37017,37175,37321,37457,37575,37743,37862,
S02-A03,37703,37871,38036,38202,38366,38509,38664,38778,38922,39066,
S03-A03,37275,37452,37631,37786,37911,38073,38237,38376,38498,38620,
S04-A03,36815,37012,37175,37350,37510,37671,37833,37951,38090,38178,
S05-A03,36251,36426,36632,36803,36940,37104,37234,37383,37500,37613,
S06-A03,35712,35895,36068,36207,36377,36525,36663,36807,36921,37041,
S07-A03,36971,37113,37273,37465,37571,37722,37888,37992,38114,38232,
S08-A03,36097,36293,36449,36577,36717,36851,36998,37127,37278,37380,
S09-A03,35958,36144,36305,36432,36609,36723,36863,37003,37117,37245,
S10-A03,35128,35302,35461,35621,35766,35912,36060,36173,36321,36432,
S11-A03,34311,34456,34627,34767,34924,35076,35203,35339,35470,35594,
S12-A03,32381,32582,32789,32958,30596,33307,33475,33621,31209,31325,
S01-A04,35442,35603,35794,35983,36131,36257,36426,36531,36676,36807,
S02-A04,36649,36817,37012,37173,37344,37486,37620,37745,37898,38007,
S03-A04,36024,36255,36419,36584,36773,36932,37048,37206,37343,37453,
S04-A04,35707,35884,36077,36229,36398,36559,36713,36838,36955,37099,
S05-A04,35097,35308,35451,35605,35780,35938,36084,36211,36348,36479,
S06-A04,34833,35000,35192,35351,35510,35658,35803,35891,36055,36168,
S07-A04,36022,36198,36359,36526,36685,36813,36968,37077,37198,37323,
S08-A04,35231,35400,35595,35737,35893,36072,36190,36310,36406,36563,
S09-A04,35077,35264,35439,35599,35735,35877,36008,36144,36258,36380,
S10-A04,34285,34477,34641,34787,34944,35082,35238,35349,35463,35587,
S11-A04,33531,33702,33867,34047,34176,34322,34470,34588,34712,34849,
S12-A04,26824,31296,29867,31702,31757,30333,28750,32132,31763,31853,
S01-A05,34201,34377,34527,34685,34834,34968,35113,35217,35346,35478,
S02-A05,35227,35405,35551,35712,35882,36000,36160,36274,36431,36540,
S03-A05,34696,34864,35052,35216,35360,35487,35638,35763,35879,36005,
S04-A05,34401,34562,34736,34898,35032,35160,35301,35431,35554,35690,
S05-A05,33719,33905,34058,34205,34350,34493,34644,34746,34884,35014,
S06-A05,33226,33378,33552,33709,33838,33987,34137,34267,34407,34516,
S07-A05,34372,34529,34687,34819,34992,35112,35249,35383,35476,35613,
S08-A05,33641,33799,33963,34114,34236,34392,34523,34664,34783,34909,
S09-A05,33727,33877,34041,34176,34319,34436,34555,34711,34830,34929,
S10-A05,32728,32882,33065,33199,33317,33446,33587,33711,33845,33951,
S11-A05,31866,32102,32213,32367,32500,32648,32793,32890,33029,33136,
S12-A05,26400,29224,26746,31020,29670,29105,29922,29348,25748,26827,
S01-A06,33234,33414,33584,33691,33859,34004,34114,34264,34376,34493,
S02-A06,34359,34508,34687,34847,34995,35136,35263,35408,35496,35647,
S03-A06,33726,33876,34057,34224,34402,34527,34660,34779,34944,35036,
S04-A06,33220,33380,33556,33699,33850,33996,34132,34256,34402,34541,
S05-A06,32713,32867,33029,33208,33338,33471,33596,33746,33867,33983,
S06-A06,32393,32555,32746,32883,33041,33180,33289,33445,33567,33666,
S07-A06,33514,33666,33814,33990,34122,34255,34396,34504,34612,34744,
S08-A06,32513,32690,32859,32994,33156,33302,33418,33525,33666,33766,
S09-A06,32233,32404,32567,32717,32887,32986,33116,33246,33375,33485,
S10-A06,31466,31623,31785,31917,32092,32235,32347,32478,32616,32704,
S11-A06,30874,31023,31214,31334,31491,31620,31731,31886,31980,32105,
S12-A06,18395,20597,17408,18727,20927,17472,17774,16600,17893,17968,

Bkgd Data for Passive Reference ROX
Chamber ID, 1, 2, 3, 4, 5, 6, 7, 8, 9, 10,
S01-A07,2998,3007,2991,2994,2979,3005,2984,2990,2985,2981,
S02-A07,2998,2998,2986,2994,2979,2985,2973,2970,2976,2977,
S03-A07,2998,2998,2986,2999,2993,2985,2973,2970,2976,2977,
S04-A07,3009,2998,3012,3001,3003,3000,3002,2999,2999,2987,
S05-A07,3012,3014,3015,3007,3005,3007,3004,3009,2999,2987,
S06-A07,3024,3014,3021,3007,3005,3007,3004,3009,3001,2990,
S07-A07,3100,3081,3093,3102,3089,3092,3097,3088,3092,3077,
S08-A07,3199,3197,3196,3203,3206,3195,3190,3197,3202,3206,
S09-A07,3032,3028,3030,3020,3021,3029,3032,3038,3026,3045,
S10-A07,2496,2505,2501,2491,2479,2481,2489,2486,2483,2490,
S11-A07,2259,2259,2262,2256,2256,2253,2258,2249,2258,2261,
S12-A07,2195,2199,2199,2201,2203,2200,2203,2194,2194,2202,
S01-A08,3173,3178,3166,3167,3168,3177,3185,3170,3175,3175,
S02-A08,3173,3178,3172,3181,3184,3187,3185,3184,3200,3179,
S03-A08,3237,3225,3224,3213,3210,3209,3208,3209,3208,3210,
S04-A08,3201,3191,3183,3187,3210,3183,3169,3174,3168,3182,
S05-A08,3184,3171,3183,3187,3176,3162,3169,3174,3168,3165,
S06-A08,3184,3171,3183,3188,3176,3162,3188,3185,3189,3165,
S07-A08,3196,3191,3192,3190,3189,3200,3222,3215,3209,3205,
S08-A08,3267,3272,3271,3283,3277,3280,3273,3279,3280,3272,
S09-A08,3032,3028,3030,3020,3021,3029,3032,3038,3026,3047,
S10-A08,2496,2505,2501,2491,2479,2481,2489,2486,2483,2490,
S11-A08,2266,2269,2273,2268,2269,2263,2268,2266,2270,2269,
S12-A08,2222,2223,2221,2220,2221,2218,2225,2224,2216,2222,
S01-A09,3070,3068,3071,3062,3063,3069,3055,3063,3063,3056,
S02-A09,3081,3072,3071,3062,3067,3070,3057,3075,3064,3056,
S03-A09,3102,3089,3102,3093,3090,3102,3085,3100,3086,3071,
S04-A09,3147,3138,3145,3139,3127,3121,3115,3110,3094,3104,
S05-A09,3147,3138,3145,3137,3127,3121,3115,3110,3094,3104,
S06-A09,3156,3148,3161,3137,3146,3146,3150,3125,3122,3111,
S07-A09,3224,3203,3217,3200,3196,3197,3199,3197,3200,3171,
S08-A09,3301,3287,3289,3290,3288,3278,3285,3282,3272,3284,
S09-A09,3019,3023,3030,3031,3024,3007,3013,3007,3009,3021,
S10-A09,2501,2502,2495,2490,2482,2484,2497,2495,2488,2503,
S11-A09,2281,2290,2279,2274,2273,2279,2275,2281,2279,2279,
S12-A09,2234,2239,2239,2240,2240,2239,2236,2239,2238,2240,
S01-A10,2837,2830,2832,2839,2830,2830,2827,2823,2825,2822,
S02-A10,2837,2830,2829,2840,2836,2839,2827,2823,2824,2822,
S03-A10,2848,2834,2829,2840,2843,2850,2827,2825,2824,2822,
S04-A10,2858,2863,2867,2849,2855,2861,2857,2847,2847,2843,
S05-A10,2858,2863,2873,2874,2871,2864,2862,2847,2854,2855,
S06-A10,2878,2884,2886,2874,2871,2870,2862,2860,2862,2855,
S07-A10,2937,2941,2936,2938,2938,2933,2923,2929,2931,2931,
S08-A10,3028,3027,3031,3015,3011,3027,3013,3029,3010,3019,
S09-A10,2856,2848,2836,2858,2848,2832,2846,2850,2838,2842,
S10-A10,2455,2447,2452,2449,2445,2433,2442,2446,2445,2454,
S11-A10,2282,2267,2277,2274,2274,2271,2274,2279,2264,2281,
S12-A10,2224,2225,2229,2228,2223,2225,2223,2226,2226,2223,
S01-A11,2744,2718,2720,2732,2720,2734,2717,2726,2732,2728,
S02-A11,2734,2725,2720,2728,2718,2721,2717,2726,2716,2728,
S03-A11,2731,2725,2720,2726,2718,2721,2729,2720,2713,2720,
S04-A11,2698,2710,2708,2713,2717,2708,2708,2706,2703,2703,
S05-A11,2698,2710,2708,2713,2713,2704,2708,2706,2703,2703,
S06-A11,2712,2712,2711,2722,2713,2704,2710,2715,2714,2717,
S07-A11,2756,2766,2768,2762,2770,2759,2772,2762,2749,2756,
S08-A11,2826,2839,2848,2823,2835,2835,2829,2825,2816,2836,
S09-A11,2713,2728,2724,2725,2719,2712,2725,2713,2722,2726,
S10-A11,2416,2420,2425,2422,2408,2411,2413,2420,2406,2413,
S11-A11,2265,2267,2269,2267,2267,2256,2259,2268,2263,2264,
S12-A11,2211,2208,2204,2205,2208,2206,2209,2205,2207,2206,
S01-A12,2657,2659,2653,2656,2659,2663,2656,2658,2665,2661,
S02-A12,2649,2650,2653,2650,2647,2639,2644,2649,2641,2655,
S03-A12,2641,2635,2631,2631,2626,2635,2639,2633,2635,2632,
S04-A12,2622,2623,2617,2616,2618,2609,2605,2621,2607,2609,
S05-A12,2597,2590,2582,2598,2601,2602,2595,2595,2603,2606,
S06-A12,2597,2590,2582,2598,2601,2602,2595,2595,2603,2606,
S07-A12,2640,2632,2642,2633,2629,2632,2631,2632,2615,2630,
S08-A12,2678,2674,2681,2659,2678,2669,2665,2662,2664,2667,
S09-A12,2600,2597,2600,2586,2588,2595,2594,2596,2591,2602,
S10-A12,2384,2384,2381,2386,2387,2382,2386,2387,2377,2386,
S11-A12,2252,2257,2253,2244,2248,2256,2255,2249,2248,2245,
S12-A12,2203,2208,2209,2204,2206,2204,2206,2202,2205,2207,
S01-A01,2647,2644,2647,2652,2646,2646,2652,2647,2651,2642,
S02-A01,2634,2625,2628,2635,2633,2629,2621,2632,2629,2639,
S03-A01,2624,2625,2627,2631,2626,2625,2621,2624,2622,2622,
S04-A01,2574,2569,2576,2580,2569,2565,2577,2560,2559,2568,
S05-A01,2542,2533,2545,2548,2533,2545,2535,2525,2546,2540,
S06-A01,2542,2533,2545,2548,2533,2545,2535,2525,2546,2540,
S07-A01,2599,2623,2614,2615,2611,2610,2615,2601,2602,2590,
S08-A01,2656,2644,2655,2659,2651,2643,2643,2643,2646,2643,
S09-A01,2600,2597,2600,2586,2588,2595,2594,2596,2591,2602,
S10-A01,2384,2384,2381,2386,2387,2382,2386,2387,2377,2386,
S11-A01,2252,2257,2253,2244,2248,2256,2255,2249,2248,2245,
S12-A01,2199,2195,2193,2196,2193,2193,2192,2191,2192,2193,
S01-A02,2647,2644,2647,2652,2646,2646,2652,2647,2651,2642,
S02-A02,2634,2625,2628,2635,2633,2629,2621,2632,2629,2639,
S03-A02,2624,2625,2627,2631,2633,2625,2621,2624,2622,2622,
S04-A02,2574,2569,2576,2580,2569,2565,2577,2560,2559,2568,
S05-A02,2542,2533,2545,2548,2533,2545,2535,2525,2546,2540,
S06-A02,2542,2533,2545,2548,2533,2545,2535,2525,2546,2540,
S07-A02,2599,2623,2614,2615,2611,2610,2615,2601,2602,2590,
S08-A02,2656,2644,2655,2659,2651,2643,2643,2643,2646,2643,
S09-A02,2617,2623,2619,2621,2617,2611,2620,2604,2619,2615,
S10-A02,2427,2432,2429,2436,2429,2425,2429,2433,2420,2424,
S11-A02,2228,2227,2223,2224,2222,2225,2222,2219,2222,2225,
S12-A02,2161,2162,2162,2162,2162,2165,2158,2157,2162,2164,
S01-A03,2491,2492,2502,2490,2487,2484,2496,2487,2491,2498,
S02-A03,2493,2496,2495,2490,2480,2484,2491,2485,2489,2487,
S03-A03,2484,2474,2480,2478,2467,2460,2471,2482,2479,2478,
S04-A03,2434,2439,2432,2447,2435,2438,2443,2444,2431,2433,
S05-A03,2400,2402,2402,2396,2408,2390,2387,2405,2399,2406,
S06-A03,2400,2402,2402,2396,2408,2390,2387,2405,2399,2406,
S07-A03,2427,2427,2433,2420,2430,2426,2430,2423,2419,2415,
S08-A03,2430,2420,2429,2426,2429,2419,2427,2430,2427,2428,
S09-A03,2380,2384,2380,2373,2376,2364,2374,2378,2375,2375,
S10-A03,2326,2309,2315,2308,2311,2308,2322,2309,2306,2309,
S11-A03,2205,2202,2201,2201,2200,2202,2201,2201,2204,2197,
S12-A03,2161,2161,2160,2162,2160,2161,2157,2157,2162,2155,
S01-A04,2301,2304,2302,2300,2302,2296,2299,2298,2305,2301,
S02-A04,2311,2305,2313,2307,2297,2301,2304,2307,2303,2302,
S03-A04,2292,2279,2281,2284,2286,2286,2285,2289,2279,2282,
S04-A04,2267,2258,2261,2261,2266,2258,2263,2262,2262,2266,
S05-A04,2253,2254,2255,2247,2250,2250,2251,2250,2251,2256,
S06-A04,2232,2235,2236,2235,2237,2235,2232,2230,2234,2234,
S07-A04,2227,2228,2230,2228,2232,2233,2227,2230,2231,2234,
S08-A04,2221,2220,2217,2224,2223,2220,2221,2219,2224,2218,
S09-A04,2218,2218,2215,2217,2209,2211,2211,2214,2219,2216,
S10-A04,2200,2207,2200,2205,2207,2200,2207,2204,2201,2196,
S11-A04,2186,2193,2187,2188,2185,2183,2189,2187,2185,2188,
S12-A04,2168,2170,2167,2171,2170,2165,2170,2167,2168,2166,
S01-A05,2269,2272,2269,2275,2268,2271,2265,2271,2266,2272,
S02-A05,2263,2268,2267,2272,2264,2265,2265,2269,2261,2265,
S03-A05,2249,2253,2258,2253,2248,2250,2255,2252,2253,2254,
S04-A05,2237,2242,2234,2233,2244,2245,2238,2238,2245,2240,
S05-A05,2225,2225,2225,2225,2227,2221,2228,2226,2222,2220,
S06-A05,2210,2207,2210,2214,2212,2212,2214,2212,2206,2211,
S07-A05,2201,2195,2195,2201,2188,2191,2197,2196,2196,2196,
S08-A05,2184,2182,2190,2188,2188,2181,2190,2184,2183,2186,
S09-A05,2181,2178,2177,2180,2180,2179,2176,2172,2175,2180,
S10-A05,2171,2172,2172,2172,2169,2169,2163,2167,2168,2167,
S11-A05,2168,2168,2168,2165,2164,2166,2162,2167,2161,2167,
S12-A05,2164,2166,2164,2164,2167,2164,2162,2164,2163,2161,
S01-A06,2236,2232,2231,2234,2234,2232,2232,2230,2232,2230,
S02-A06,2230,2236,2235,2234,2238,2237,2234,2233,2227,2232,
S03-A06,2218,2227,2229,2226,2228,2228,2225,2226,2227,2225,
S04-A06,2218,2214,2219,2213,2216,2216,2216,2217,2217,2217,
S05-A06,2204,2198,2204,2195,2202,2203,2199,2203,2198,2198,
S06-A06,2195,2194,2197,2191,2192,2196,2188,2187,2185,2192,
S07-A06,2178,2181,2183,2180,2182,2182,2180,2180,2181,2179,
S08-A06,2169,2169,2170,2166,2164,2170,2168,2168,2166,2165,
S09-A06,2163,2161,2162,2160,2157,2161,2160,2160,2159,2160,
S10-A06,2155,2150,2155,2150,2151,2153,2153,2154,2154,2148,
S11-A06,2145,2142,2147,2146,2142,2134,2138,2139,2136,2139,
S12-A06,2141,2142,2138,2144,2144,2142,2145,2143,2141,2140,

Bkgd Data for Probe FAM-MGB
Chamber ID, 1, 2, 3, 4, 5, 6, 7, 8, 9, 10,
S01-A07,4451,4425,4423,4431,4409,4411,4388,4408,4412,4404,
S02-A07,4855,4820,4819,4843,4811,4815,4814,4796,4802,4797,
S03-A07,4820,4807,4814,4806,4818,4806,4828,4791,4814,4787,
S04-A07,4825,4812,4820,4795,4786,4787,4801,4796,4772,4763,
S05-A07,4792,4759,4788,4795,4805,4783,4801,4753,4749,4747,
S06-A07,4760,4764,4749,4750,4747,4745,4746,4735,4746,4728,
S07-A07,4795,4774,4766,4769,4748,4768,4747,4739,4762,4751,
S08-A07,4878,4865,4861,4848,4837,4857,4858,4839,4843,4819,
S09-A07,4973,4955,4948,4948,4923,4930,4919,4941,4947,4941,
S10-A07,4891,4913,4885,4901,4892,4893,4922,4887,4900,4891,
S11-A07,4544,4540,4556,4568,4551,4565,4555,4560,4567,4552,
S12-A07,3997,4001,4001,3993,3991,3977,3994,3987,3966,3984,
S01-A08,4439,4447,4446,4439,4425,4426,4421,4424,4429,4411,
S02-A08,4925,4915,4935,4932,4920,4926,4918,4897,4907,4911,
S03-A08,4942,4941,4921,4934,4909,4930,4896,4904,4914,4884,
S04-A08,4917,4913,4923,4901,4889,4884,4887,4887,4900,4897,
S05-A08,4897,4882,4886,4867,4865,4869,4888,4852,4846,4860,
S06-A08,4855,4855,4873,4845,4865,4843,4854,4836,4834,4830,
S07-A08,4881,4864,4872,4859,4870,4837,4855,4849,4849,4838,
S08-A08,4928,4899,4904,4902,4889,4871,4881,4862,4875,4879,
S09-A08,4895,4880,4903,4900,4886,4876,4877,4882,4878,4871,
S10-A08,4858,4844,4849,4869,4849,4862,4867,4840,4842,4833,
S11-A08,4601,4614,4608,4607,4592,4586,4623,4615,4573,4581,
S12-A08,3997,4042,4035,4034,4035,4029,4027,3987,4029,4023,
S01-A09,4435,4423,4435,4438,4429,4398,4424,4419,4417,4401,
S02-A09,4986,4980,4971,4976,4970,4962,4961,4958,4970,4970,
S03-A09,4964,4960,4940,4946,4960,4964,4956,4946,4929,4945,
S04-A09,4962,4958,4962,4957,4934,4957,4947,4940,4960,4929,
S05-A09,4897,4897,4902,4906,4907,4897,4893,4896,4903,4886,
S06-A09,4866,4867,4879,4861,4863,4865,4855,4856,4863,4868,
S07-A09,4887,4855,4866,4862,4861,4850,4855,4850,4850,4813,
S08-A09,4884,4858,4851,4863,4845,4852,4848,4841,4860,4840,
S09-A09,4884,4847,4886,4847,4869,4861,4835,4832,4841,4856,
S10-A09,4816,4797,4797,4793,4779,4785,4813,4760,4767,4775,
S11-A09,4603,4593,4599,4592,4599,4582,4599,4591,4581,4577,
S12-A09,3928,3912,3913,3893,3915,3904,3896,3895,3891,3894,
S01-A10,4329,4362,4340,4349,4350,4351,4330,4329,4331,4341,
S02-A10,4922,4929,4916,4916,4891,4927,4887,4901,4870,4887,
S03-A10,4927,4892,4906,4904,4900,4880,4888,4896,4891,4870,
S04-A10,4931,4906,4915,4901,4902,4891,4912,4891,4895,4870,
S05-A10,4895,4896,4902,4901,4879,4870,4879,4873,4872,4846,
S06-A10,4866,4862,4877,4852,4863,4861,4830,4839,4849,4831,
S07-A10,4887,4855,4866,4861,4861,4850,4838,4839,4850,4813,
S08-A10,4884,4858,4851,4854,4845,4852,4848,4840,4837,4840,
S09-A10,4865,4847,4861,4847,4861,4856,4835,4832,4830,4817,
S10-A10,4816,4797,4797,4793,4779,4785,4779,4760,4767,4775,
S11-A10,4559,4556,4553,4581,4581,4546,4573,4556,4569,4545,
S12-A10,3897,3909,3893,3884,3878,3897,3890,3874,3892,3860,
S01-A11,4294,4293,4272,4293,4285,4296,4292,4267,4279,4284,
S02-A11,4825,4837,4818,4821,4810,4809,4804,4812,4802,4812,
S03-A11,4815,4793,4807,4797,4803,4817,4788,4793,4775,4779,
S04-A11,4802,4803,4813,4815,4799,4794,4800,4767,4800,4776,
S05-A11,4807,4827,4816,4818,4796,4799,4811,4803,4800,4798,
S06-A11,4779,4810,4810,4795,4803,4786,4771,4782,4776,4776,
S07-A11,4815,4798,4792,4807,4789,4795,4776,4810,4792,4791,
S08-A11,4837,4811,4817,4831,4817,4821,4795,4827,4801,4804,
S09-A11,4849,4815,4818,4807,4834,4828,4835,4821,4804,4797,
S10-A11,4773,4775,4774,4777,4771,4778,4772,4764,4742,4752,
S11-A11,4558,4556,4553,4543,4545,4527,4541,4549,4544,4532,
S12-A11,3880,3861,3878,3869,3880,3856,3873,3863,3872,3858,
S01-A12,4238,4222,4230,4225,4239,4209,4210,4222,4217,4218,
S02-A12,4788,4745,4762,4769,4771,4748,4722,4752,4731,4731,
S03-A12,4757,4772,4748,4727,4716,4757,4744,4730,4739,4717,
S04-A12,4762,4756,4756,4731,4723,4752,4735,4730,4737,4717,
S05-A12,4745,4753,4740,4733,4723,4717,4729,4746,4733,4717,
S06-A12,4693,4716,4685,4678,4689,4664,4682,4669,4670,4676,
S07-A12,4734,4747,4725,4742,4712,4734,4735,4719,4714,4732,
S08-A12,4762,4739,4735,4735,4733,4746,4743,4721,4732,4734,
S09-A12,4782,4773,4776,4752,4780,4748,4768,4751,4772,4765,
S10-A12,4740,4748,4734,4748,4743,4759,4737,4746,4742,4732,
S11-A12,4558,4565,4558,4543,4545,4527,4541,4549,4544,4532,
S12-A12,3889,3901,3894,3895,3910,3870,3887,3895,3889,3882,
S01-A01,4197,4187,4199,4196,4174,4168,4175,4165,4185,4184,
S02-A01,4694,4682,4687,4687,4657,4692,4682,4680,4671,4672,
S03-A01,4685,4673,4660,4669,4664,4667,4642,4644,4652,4649,
S04-A01,4688,4691,4698,4701,4664,4667,4642,4644,4652,4649,
S05-A01,4680,4669,4685,4671,4652,4656,4663,4654,4678,4641,
S06-A01,4649,4613,4604,4638,4636,4626,4608,4602,4599,4608,
S07-A01,4675,4664,4644,4667,4663,4653,4654,4638,4650,4636,
S08-A01,4720,4694,4673,4674,4665,4653,4664,4651,4655,4636,
S09-A01,4695,4692,4668,4674,4657,4653,4674,4654,4650,4667,
S10-A01,4684,4668,4687,4677,4653,4670,4681,4637,4642,4668,
S11-A01,4530,4540,4515,4518,4537,4550,4503,4526,4516,4517,
S12-A01,3933,3914,3911,3900,3924,3903,3910,3897,3882,3896,
S01-A02,4036,4035,4046,4016,4037,4016,4040,4033,4028,4015,
S02-A02,4628,4620,4618,4654,4625,4632,4623,4624,4623,4598,
S03-A02,4620,4632,4622,4618,4618,4629,4597,4605,4582,4616,
S04-A02,4595,4611,4614,4620,4597,4597,4597,4605,4582,4595,
S05-A02,4615,4597,4597,4606,4603,4610,4584,4614,4590,4604,
S06-A02,4568,4593,4581,4567,4579,4578,4573,4564,4550,4551,
S07-A02,4632,4628,4621,4624,4627,4620,4614,4616,4618,4605,
S08-A02,4670,4663,4678,4679,4630,4624,4629,4616,4626,4636,
S09-A02,4660,4660,4656,4649,4657,4653,4646,4652,4638,4624,
S10-A02,4629,4632,4598,4601,4605,4622,4611,4604,4588,4604,
S11-A02,4529,4518,4515,4510,4527,4522,4488,4514,4498,4485,
S12-A02,3850,3850,3842,3859,3847,3850,3835,3834,3837,3854,
S01-A03,4208,4194,4189,4191,4185,4178,4170,4202,4179,4154,
S02-A03,4628,4620,4618,4654,4625,4632,4623,4624,4623,4598,
S03-A03,4620,4632,4622,4618,4618,4629,4597,4605,4582,4616,
S04-A03,4595,4611,4614,4620,4597,4597,4611,4610,4592,4595,
S05-A03,4615,4597,4597,4606,4603,4610,4584,4614,4590,4604,
S06-A03,4568,4593,4581,4567,4579,4578,4573,4564,4550,4551,
S07-A03,4632,4628,4621,4624,4627,4620,4614,4616,4618,4605,
S08-A03,4670,4663,4678,4679,4678,4697,4663,4673,4663,4648,
S09-A03,4660,4660,4656,4649,4667,4656,4646,4652,4638,4624,
S10-A03,4629,4632,4598,4601,4605,4622,4611,4604,4588,4604,
S11-A03,4529,4518,4525,4510,4527,4522,4488,4514,4498,4485,
S12-A03,3842,3820,3848,3831,3828,3838,3817,3829,3848,3824,
S01-A04,4108,4098,4103,3985,3966,3984,3971,3968,3972,3945,
S02-A04,4498,4491,4494,4494,4467,4470,4485,4477,4456,4460,
S03-A04,4498,4478,4477,4481,4460,4472,4450,4456,4461,4471,
S04-A04,4447,4455,4438,4446,4431,4452,4435,4427,4431,4421,
S05-A04,4440,4437,4427,4432,4431,4428,4435,4427,4406,4414,
S06-A04,4422,4422,4432,4409,4427,4400,4405,4416,4411,4397,
S07-A04,4391,4400,4402,4402,4376,4395,4374,4383,4386,4379,
S08-A04,4306,4315,4318,4294,4326,4287,4311,4283,4284,4315,
S09-A04,4253,4240,4259,4241,4235,4241,4230,4267,4242,4238,
S10-A04,4205,4204,4189,4188,4201,4185,4191,4175,4172,4183,
S11-A04,4145,4136,4103,4119,4118,4117,4129,4108,4108,4111,
S12-A04,3491,3495,3473,3476,3473,3471,3478,3477,3474,3457,
S01-A05,3902,3892,3902,3893,3873,3882,3883,3857,3874,3888,
S02-A05,4286,4271,4286,4272,4266,4272,4270,4262,4273,4271,
S03-A05,4272,4287,4282,4279,4280,4281,4300,4267,4274,4278,
S04-A05,4281,4268,4264,4280,4263,4277,4261,4287,4268,4257,
S05-A05,4322,4310,4307,4318,4309,4308,4296,4309,4295,4290,
S06-A05,4307,4313,4317,4309,4301,4306,4287,4297,4294,4276,
S07-A05,4252,4273,4262,4276,4264,4264,4258,4249,4240,4257,
S08-A05,4168,4169,4163,4153,4152,4162,4147,4160,4161,4143,
S09-A05,4128,4103,4117,4118,4122,4112,4090,4106,4090,4090,
S10-A05,4087,4092,4087,4055,4084,4076,4069,4072,4062,4069,
S11-A05,4017,4043,4014,4013,4021,4028,3985,4021,4005,4010,
S12-A05,3438,3448,3438,3431,3438,3439,3441,3431,3436,3434,
S01-A06,3495,3487,3487,3480,3480,3493,3486,3478,3489,3489,
S02-A06,3553,3549,3534,3528,3539,3533,3535,3540,3530,3535,
S03-A06,3521,3520,3529,3542,3528,3514,3532,3512,3523,3532,
S04-A06,3521,3520,3502,3519,3502,3505,3506,3493,3514,3504,
S05-A06,3497,3495,3493,3493,3497,3495,3483,3493,3482,3468,
S06-A06,3479,3478,3481,3476,3462,3468,3471,3468,3475,3459,
S07-A06,3479,3468,3476,3466,3462,3468,3466,3457,3470,3459,
S08-A06,3462,3461,3457,3457,3460,3456,3454,3446,3452,3463,
S09-A06,3447,3447,3456,3443,3435,3451,3442,3436,3442,3448,
S10-A06,3441,3434,3433,3442,3435,3434,3433,3431,3427,3427,
S11-A06,3408,3406,3392,3398,3395,3393,3392,3397,3388,3406,
S12-A06,3344,3330,3316,3324,3326,3327,3331,3322,3310,3314,

Amplification Curves for Probe FAM-MGB
Chamber ID, 1, 2, 3, 4, 5, 6, 7, 8, 9, 10,
S01-A07,0.00594545,0.00594545,0.00594545,0.00594545,0.00594545,0.00594545,0.00594545,0.00594545,0.00594545,0.00594545,
S02-A07,0.00630313,0.00630313,0.00630313,0.00630313,0.00630313,0.00630313,0.00630313,0.00630313,0.00630313,0.00630313,
S03-A07,-0.00402199,0.00000000,0.00402199,0.00637493,0.00207886,0.00126738,0.00169191,0.00368147,0.00656042,0.00943936,
S04-A07,0.00255075,0.00255075,0.00255075,0.00255075,0.00255075,0.00255075,0.00255075,0.00255075,0.00255075,0.00255075,
S05-A07,0.00681030,0.00681030,0.00681030,0.00681030,0.00681030,0.00681030,0.00681030,0.00681030,0.00681030,0.00681030,
S06-A07,0.00397488,0.00397488,0.00397488,0.00397488,0.00397488,0.00397488,0.00397488,0.00397488,0.00397488,0.00397488,
S07-A07,-0.00941777,0.00000000,0.00941777,0.01718351,0.01718351,0.01718351,0.01718351,0.01718351,0.01718351,0.01718351,
S08-A07,0.03182756,0.03182756,0.03182756,0.03182756,0.03182756,0.03182756,0.03182756,0.03182756,0.03182756,0.03182756,
S09-A07,-0.09264517,0.00000000,0.09264517,0.23218896,0.30339572,0.32966816,0.33357938,0.30102632,0.35177470,0.40252308,
S10-A07,0.05059303,0.02529652,0.00000000,0.04286499,0.09328169,0.12901891,0.17165926,0.20407667,0.29155520,0.37903373,
S11-A07,4.15829106,3.04416403,1.93003701,-0.19754495,-1.73249206,-1.09258680,-1.53885571,1.86851424,4.84930914,7.83010404,
S12-A07,6.41375188,5.44170728,4.46966267,2.96072817,0.71943560,-3.01053719,-5.13928924,-1.96808006,4.58406181,11.13620369,
S01-A08,0.00296641,0.00296641,0.00296641,0.00296641,0.00296641,0.00296641,0.00296641,0.00296641,0.00296641,0.00296641,
S02-A08,0.00192648,0.00192648,0.00192648,0.00192648,0.00192648,0.00192648,0.00192648,0.00192648,0.00192648,0.00192648,
S03-A08,-0.00407384,0.00000000,0.00407384,0.00741155,0.00741155,0.00741155,0.00741155,0.00741155,0.00741155,0.00741155,
S04-A08,-0.00316553,0.00000000,0.00316553,0.00316553,0.00316553,0.00316553,0.00316553,0.00316553,0.00316553,0.00316553,
S05-A08,0.00629585,0.00629585,0.00629585,0.00629585,0.00629585,0.00629585,0.00629585,0.00629585,0.00629585,0.00629585,
S06-A08,0.00844050,0.00471315,0.00098580,-0.00067979,0.00038369,-0.00068970,0.00889643,0.00889643,0.00889643,0.00889643,
S07-A08,0.01858292,0.00929146,0.00000000,0.01194535,0.02634972,0.02924683,0.02924683,0.02924683,0.02924683,0.02924683,
S08-A08,-0.00774347,0.00000000,0.00774347,0.00774347,0.00774347,0.00774347,0.00774347,0.00774347,0.00774347,0.00774347,
S09-A08,-0.00398579,0.00000000,0.00398579,0.10353781,0.21133048,0.24687798,0.24314859,0.22999087,0.30480888,0.37962689,
S10-A08,0.09769472,0.04884736,0.00000000,0.00980708,0.02068411,0.07179960,0.15699805,0.15699805,0.15699805,0.15699805,
S11-A08,1.27376073,1.27376073,1.27376073,1.27376073,1.27376073,1.27376073,1.27376073,1.27376073,1.27376073,1.27376073,
S12-A08,1.84397930,1.39950632,0.95503335,0.68385744,0.06666588,-0.64599148,-1.05956519,1.32044385,5.29722440,9.27400494,
S01-A09,0.00272821,0.00272821,0.00272821,0.00272821,0.00272821,0.00272821,0.00272821,0.00272821,0.00272821,0.00272821,
S02-A09,0.00454384,0.00454384,0.00454384,0.00454384,0.00454384,0.00454384,0.00454384,0.00454384,0.00454384,0.00454384,
S03-A09,-0.00215872,0.00000000,0.00215872,0.00393843,0.00393843,0.00393843,0.00393843,0.00393843,0.00393843,0.00393843,
S04-A09,-0.00099522,0.00000000,0.00099522,0.00169948,0.00169948,0.00169948,0.00169948,0.00169948,0.00169948,0.00169948,
S05-A09,0.00652305,0.00652305,0.00652305,0.00652305,0.00652305,0.00652305,0.00652305,0.00652305,0.00652305,0.00652305,
S06-A09,-0.00013540,0.00000000,0.00013540,0.00013540,0.00013540,0.00013540,0.00013540,0.00013540,0.00013540,0.00013540,
S07-A09,-0.00783508,0.00000000,0.00783508,0.02339364,0.03428925,0.04354959,0.04473930,0.04473930,0.04473930,0.04473930,
S08-A09,-0.02332034,0.00000000,0.02332034,0.02906972,0.02906972,0.02906972,0.02906972,0.02906972,0.02906972,0.02906972,
S09-A09,-0.00619204,0.01025310,0.02669824,0.02634302,-0.02378295,-0.02925831,0.03007674,0.08480485,0.16042405,0.23604324,
S10-A09,0.05167330,0.02583665,0.00000000,0.01233064,0.09430915,0.17634694,0.23033561,0.23035497,0.23035497,0.23035497,
S11-A09,-0.56534694,0.00000000,0.56534694,2.36475860,2.43024664,2.43024664,2.43024664,2.43024664,2.43024664,2.43024664,
S12-A09,-0.62804647,0.00000000,0.62804647,0.67559279,0.65090777,0.19943488,0.77899453,0.99813517,1.02309413,1.04805308,
S01-A10,0.00412905,0.00412905,0.00412905,0.00412905,0.00412905,0.00412905,0.00412905,0.00412905,0.00412905,0.00412905,
S02-A10,0.00324145,0.00324145,0.00324145,0.00324145,0.00324145,0.00324145,0.00324145,0.00324145,0.00324145,0.00324145,
S03-A10,-0.00099957,0.00000000,0.00099957,0.00302479,0.00302479,0.00302479,0.00302479,0.00302479,0.00302479,0.00302479,
S04-A10,0.00021216,0.00010608,0.00000000,0.00025568,0.00025568,0.00025568,0.00025568,0.00025568,0.00025568,0.00025568,
S05-A10,0.00212048,0.00212048,0.00212048,0.00212048,0.00212048,0.00212048,0.00212048,0.00212048,0.00212048,0.00212048,
S06-A10,0.00767905,0.00767905,0.00767905,0.00767905,0.00767905,0.00767905,0.00767905,0.00767905,0.00767905,0.00767905,
S07-A10,-0.01333774,0.00000000,0.01333774,0.02056005,0.01464218,0.01239018,0.02020012,0.02664005,0.03440038,0.04216070,
S08-A10,0.07437050,0.07437050,0.07437050,0.07437050,0.07437050,0.07437050,0.07437050,0.07437050,0.07437050,0.07437050,
S09-A10,-0.06213874,0.00000000,0.06213874,0.06213874,0.06213874,0.06213874,0.06213874,0.06213874,0.06213874,0.06213874,
S10-A10,0.21683967,0.21683967,0.21683967,0.21683967,0.21683967,0.21683967,0.21683967,0.21683967,0.21683967,0.21683967,
S11-A10,-2.08848178,0.00000000,2.08848178,1.61281994,2.42412972,0.89879147,1.23067662,2.87119781,3.52420632,4.17721483,
S12-A10,1.35393173,1.35393173,1.35393173,1.35393173,1.35393173,1.35393173,1.35393173,1.35393173,1.35393173,1.35393173,
S01-A11,0.00269495,0.00269495,0.00269495,0.00269495,0.00269495,0.00269495,0.00269495,0.00269495,0.00269495,0.00269495,
S02-A11,0.00466699,0.00466699,0.00466699,0.00466699,0.00466699,0.00466699,0.00466699,0.00466699,0.00466699,0.00466699,
S03-A11,0.00237370,0.00237370,0.00237370,0.00237370,0.00237370,0.00237370,0.00237370,0.00237370,0.00237370,0.00237370,
S04-A11,-0.00411517,0.00000000,0.00411517,0.00646730,0.00646730,0.00646730,0.00646730,0.00646730,0.00646730,0.00646730,
S05-A11,0.00601003,0.00601003,0.00601003,0.00601003,0.00601003,0.00601003,0.00601003,0.00601003,0.00601003,0.00601003,
S06-A11,0.00402994,0.00402994,0.00402994,0.00402994,0.00402994,0.00402994,0.00402994,0.00402994,0.00402994,0.00402994,
S07-A11,0.00324404,0.00324404,0.00324404,0.00324404,0.00324404,0.00324404,0.00324404,0.00324404,0.00324404,0.00324404,
S08-A11,0.11161012,0.07488876,0.03816741,0.02243438,0.01821427,-0.02471152,-0.05410453,-0.00480737,0.11073656,0.22628049,
S09-A11,0.19540355,0.19540355,0.19540355,0.19540355,0.19540355,0.19540355,0.19540355,0.19540355,0.19540355,0.19540355,
S10-A11,0.23427195,0.23427195,0.23427195,0.23427195,0.23427195,0.23427195,0.23427195,0.23427195,0.23427195,0.23427195,
S11-A11,-0.07037402,0.00000000,0.07037402,0.11283814,0.22604644,0.74466838,1.09847144,1.09847144,1.09847144,1.09847144,
S12-A11,-1.89284076,0.00000000,1.89284076,2.64094870,2.64094870,2.64094870,2.64094870,2.64094870,2.64094870,2.64094870,
S01-A12,0.00065956,0.00065956,0.00065956,0.00065956,0.00065956,0.00065956,0.00065956,0.00065956,0.00065956,0.00065956,
S02-A12,0.00402580,0.00402580,0.00402580,0.00402580,0.00402580,0.00402580,0.00402580,0.00402580,0.00402580,0.00402580,
S03-A12,-0.00308322,0.00000000,0.00308322,0.00357239,0.00357239,0.00357239,0.00357239,0.00357239,0.00357239,0.00357239,
S04-A12,-0.00636726,0.00000000,0.00636726,0.01035821,0.01049997,0.01166048,0.01323666,0.01330618,0.01330618,0.01330618,
S05-A12,0.00399459,0.00340396,0.00281333,0.00346221,-0.00138100,-0.00489453,-0.00292836,-0.00199215,0.00251491,0.00702196,
S06-A12,0.00611210,0.00611210,0.00611210,0.00611210,0.00611210,0.00611210,0.00611210,0.00611210,0.00611210,0.00611210,
S07-A12,-0.00727825,0.00000000,0.00727825,0.01693838,0.01693838,0.01693838,0.01693838,0.01693838,0.01693838,0.01693838,
S08-A12,0.01657963,0.02582926,0.03507888,0.01945467,-0.01740555,-0.03712801,-0.01629909,0.02067522,0.05597329,0.09127136,
S09-A12,0.05649577,0.03921969,0.02194361,0.05050061,0.02410797,-0.03526853,-0.06128365,-0.05250308,0.05768512,0.16787333,
S10-A12,-0.26798394,0.00000000,0.26798394,0.34427951,0.38115759,0.38115759,0.38115759,0.38115759,0.38115759,0.38115759,
S11-A12,-0.05151780,0.00000000,0.05151780,0.77601802,1.10220567,1.10220567,1.10220567,1.10220567,1.10220567,1.10220567,
S12-A12,0.03903771,0.01951886,0.00000000,0.03148864,0.06089617,0.23269758,1.08924698,1.60425025,2.28175653,2.95926282,
S01-A01,-0.00062776,0.00000000,0.00062776,0.00145609,0.00145609,0.00145609,0.00145609,0.00145609,0.00145609,0.00145609,
S02-A01,0.00126533,0.00126533,0.00126533,0.00126533,0.00126533,0.00126533,0.00126533,0.00126533,0.00126533,0.00126533,
S03-A01,0.00665137,0.00665137,0.00665137,0.00665137,0.00665137,0.00665137,0.00665137,0.00665137,0.00665137,0.00665137,
S04-A01,-0.00353610,0.00000000,0.00353610,0.00676784,0.00676784,0.00676784,0.00676784,0.00676784,0.00676784,0.00676784,
S05-A01,0.00443884,0.00345019,0.00246155,0.00381013,-0.00131590,-0.00495578,-0.00066751,-0.00042506,0.00494239,0.01030984,
S06-A01,0.00693125,0.00693125,0.00693125,0.00693125,0.00693125,0.00693125,0.00693125,0.00693125,0.00693125,0.00693125,
S07-A01,0.03455384,0.03455384,0.03455384,0.03455384,0.03455384,0.03455384,0.03455384,0.03455384,0.03455384,0.03455384,
S08-A01,-0.05067049,0.00000000,0.05067049,0.06065523,0.06679667,0.06274222,0.08739201,0.12427194,0.13910128,0.15393063,
S09-A01,0.08209532,0.08209532,0.08209532,0.08209532,0.08209532,0.08209532,0.08209532,0.08209532,0.08209532,0.08209532,
S10-A01,-0.27452264,0.00000000,0.27452264,0.37061592,0.33511899,0.23302491,0.21260450,0.28694139,0.36009495,0.43324850,
S11-A01,0.13275392,0.06637696,0.00000000,0.92064293,1.42742827,1.42742827,1.42742827,1.42742827,1.42742827,1.42742827,
S12-A01,15.10479612,15.10479612,15.10479612,15.10479612,15.10479612,15.10479612,15.10479612,15.10479612,15.10479612,15.10479612,
S01-A02,-0.00454274,0.00000000,0.00454274,0.00839227,0.00839227,0.00839227,0.00839227,0.00839227,0.00839227,0.00839227,
S02-A02,0.00210043,0.00210043,0.00210043,0.00210043,0.00210043,0.00210043,0.00210043,0.00210043,0.00210043,0.00210043,
S03-A02,0.00279273,0.00279273,0.00279273,0.00279273,0.00279273,0.00279273,0.00279273,0.00279273,0.00279273,0.00279273,
S04-A02,-0.00486402,-0.00222068,0.00042267,0.00351199,0.00024848,-0.00175065,-0.00243248,-0.00210808,0.00118867,0.00448542,
S05-A02,0.00228139,0.00228139,0.00228139,0.00228139,0.00228139,0.00228139,0.00228139,0.00228139,0.00228139,0.00228139,
S06-A02,0.00899940,0.00899940,0.00899940,0.00899940,0.00899940,0.00899940,0.00899940,0.00899940,0.00899940,0.00899940,
S07-A02,0.00941121,0.00941121,0.00941121,0.00941121,0.00941121,0.00941121,0.00941121,0.00941121,0.00941121,0.00941121,
S08-A02,0.00398261,0.00558562,0.00718863,-0.00092706,-0.00626157,0.00902882,0.04347796,0.04821441,0.04821441,0.04821441,
S09-A02,-0.06106724,0.00000000,0.06106724,0.07650123,0.05691376,0.11873836,0.17878438,0.17878438,0.17878438,0.17878438,
S10-A02,0.16398971,0.16398971,0.16398971,0.16398971,0.16398971,0.16398971,0.16398971,0.16398971,0.16398971,0.16398971,
S11-A02,0.68696668,0.68696668,0.68696668,0.68696668,0.68696668,0.68696668,0.68696668,0.68696668,0.68696668,0.68696668,
S12-A02,-17.14506990,0.00000000,17.14506990,17.14506990,17.14506990,17.14506990,17.14506990,17.14506990,17.14506990,17.14506990,
S01-A03,-0.00354988,0.00000000,0.00354988,0.00607539,0.00560809,0.00430851,0.00503879,0.00612793,0.00768817,0.00924840,
S02-A03,0.00276070,0.00276070,0.00276070,0.00276070,0.00276070,0.00276070,0.00276070,0.00276070,0.00276070,0.00276070,
S03-A03,0.00436352,0.00436352,0.00436352,0.00436352,0.00436352,0.00436352,0.00436352,0.00436352,0.00436352,0.00436352,
S04-A03,0.00117126,0.00117126,0.00117126,0.00117126,0.00117126,0.00117126,0.00117126,0.00117126,0.00117126,0.00117126,
S05-A03,-0.00631265,0.00000000,0.00631265,0.00833386,0.00495536,0.00508366,0.00624881,0.00865356,0.00865356,0.00865356,
S06-A03,0.00032315,0.00171182,0.00310050,0.00052304,-0.00362354,-0.00326188,0.00004169,0.00567196,0.00820584,0.01073973,
S07-A03,0.01517358,0.01517358,0.01517358,0.01517358,0.01517358,0.01517358,0.01517358,0.01517358,0.01517358,0.01517358,
S08-A03,-0.00907937,-0.00274870,0.00358198,-0.00358198,-0.00169092,0.03071536,0.03271310,0.03608673,0.03608673,0.03608673,
S09-A03,-0.01210059,0.00000000,0.01210059,0.01720365,0.08687464,0.11569053,0.17792364,0.18117021,0.18117021,0.18117021,
S10-A03,-0.13180096,0.00000000,0.13180096,0.23600223,0.39485502,0.39485502,0.39485502,0.39485502,0.39485502,0.39485502,
S11-A03,1.28026489,1.28026489,1.28026489,1.28026489,1.28026489,1.28026489,1.28026489,1.28026489,1.28026489,1.28026489,
S12-A03,-0.82728478,0.00000000,0.82728478,1.84369293,4.42002141,4.42002141,4.42002141,4.42002141,4.42002141,4.42002141,
S01-A04,-0.00338120,0.00000000,0.00338120,0.00338120,0.00338120,0.00338120,0.00338120,0.00338120,0.00338120,0.00338120,
S02-A04,-0.00172530,0.00000000,0.00172530,0.00396148,0.00396148,0.00396148,0.00396148,0.00396148,0.00396148,0.00396148,
S03-A04,0.00125757,0.00125757,0.00125757,0.00125757,0.00125757,0.00125757,0.00125757,0.00125757,0.00125757,0.00125757,
S04-A04,0.00007975,0.00007975,0.00007975,0.00007975,0.00007975,0.00007975,0.00007975,0.00007975,0.00007975,0.00007975,
S05-A04,-0.00314561,0.00000000,0.00314561,0.00774046,0.00723144,0.00810597,0.00868477,0.00773402,0.00862717,0.00952033,
S06-A04,-0.00799952,-0.00298933,0.00202086,0.00534630,-0.00175641,-0.00561075,-0.00451030,-0.00042186,0.00786683,0.01615551,
S07-A04,-0.00528926,0.00000000,0.00528926,0.00528926,0.00528926,0.00528926,0.00528926,0.00528926,0.00528926,0.00528926,
S08-A04,0.03239640,0.03239640,0.03239640,0.03239640,0.03239640,0.03239640,0.03239640,0.03239640,0.03239640,0.03239640,
S09-A04,-0.09647806,0.00000000,0.09647806,0.16161208,0.20763636,0.22713356,0.32124715,0.38007503,0.44918779,0.51830054,
S10-A04,-0.10630657,0.00000000,0.10630657,0.15166420,0.31934626,0.31934626,0.31934626,0.31934626,0.31934626,0.31934626,
S11-A04,0.28894047,0.15171033,0.01448020,-0.01448020,0.46322533,0.94416130,1.42232592,1.42232592,1.42232592,1.42232592,
S12-A04,43.75020600,43.75020600,43.75020600,43.75020600,43.75020600,43.75020600,43.75020600,43.75020600,43.75020600,43.75020600,
S01-A05,0.00213932,0.00213932,0.00213932,0.00213932,0.00213932,0.00213932,0.00213932,0.00213932,0.00213932,0.00213932,
S02-A05,-0.00288362,0.00000000,0.00288362,0.00528063,0.00528063,0.00528063,0.00528063,0.00528063,0.00528063,0.00528063,
S03-A05,0.00472442,0.00472442,0.00472442,0.00472442,0.00472442,0.00472442,0.00472442,0.00472442,0.00472442,0.00472442,
S04-A05,0.00446996,0.00446996,0.00446996,0.00446996,0.00446996,0.00446996,0.00446996,0.00446996,0.00446996,0.00446996,
S05-A05,0.00215294,0.00215294,0.00215294,0.00215294,0.00215294,0.00215294,0.00215294,0.00215294,0.00215294,0.00215294,
S06-A05,-0.00878652,0.00000000,0.00878652,0.01557096,0.01785642,0.01695672,0.01984355,0.01984355,0.01984355,0.01984355,
S07-A05,0.00933129,0.00933129,0.00933129,0.00933129,0.00933129,0.00933129,0.00933129,0.00933129,0.00933129,0.00933129,
S08-A05,0.03280719,0.03280719,0.03280719,0.03280719,0.03280719,0.03280719,0.03280719,0.03280719,0.03280719,0.03280719,
S09-A05,-0.03128564,0.00000000,0.03128564,0.02966827,0.05554851,0.01919172,0.02080540,0.06770029,0.12048495,0.17326961,
S10-A05,0.09750200,0.09750200,0.09750200,0.09750200,0.09750200,0.09750200,0.09750200,0.09750200,0.09750200,0.09750200,
S11-A05,-0.19964964,0.00000000,0.19964964,0.17628645,0.66304473,0.92970777,1.80660085,2.45884822,2.86398530,3.26912239,
S12-A05,20.25946896,20.25946896,20.25946896,20.25946896,20.25946896,20.25946896,20.25946896,20.25946896,20.25946896,20.25946896,
S01-A06,0.00229450,0.00229450,0.00229450,0.00229450,0.00229450,0.00229450,0.00229450,0.00229450,0.00229450,0.00229450,
S02-A06,0.00080180,0.00080180,0.00080180,0.00080180,0.00080180,0.00080180,0.00080180,0.00080180,0.00080180,0.00080180,
S03-A06,-0.00021546,0.00000000,0.00021546,0.00043117,0.00043117,0.00043117,0.00043117,0.00043117,0.00043117,0.00043117,
S04-A06,0.00523095,0.00523095,0.00523095,0.00523095,0.00523095,0.00523095,0.00523095,0.00523095,0.00523095,0.00523095,
S05-A06,0.00500466,0.00500466,0.00500466,0.00500466,0.00500466,0.00500466,0.00500466,0.00500466,0.00500466,0.00500466,
S06-A06,0.00016954,0.00096315,0.00175677,0.00341680,-0.00517357,-0.00249647,-0.00317233,0.00078420,0.00656289,0.01234159,
S07-A06,0.01207869,0.01207869,0.01207869,0.01207869,0.01207869,0.01207869,0.01207869,0.01207869,0.01207869,0.01207869,
S08-A06,0.04653871,0.04653871,0.04653871,0.04653871,0.04653871,0.04653871,0.04653871,0.04653871,0.04653871,0.04653871,
S09-A06,-0.07369092,0.00000000,0.07369092,0.15581432,0.20448431,0.21527389,0.18315085,0.20133294,0.25782437,0.31431580,
S10-A06,-0.02109399,0.00000000,0.02109399,0.26372727,0.36817114,0.47632680,0.47632680,0.47632680,0.47632680,0.47632680,
S11-A06,0.95356009,0.95356009,0.95356009,0.95356009,0.95356009,0.95356009,0.95356009,0.95356009,0.95356009,0.95356009,
S12-A06,5.26366449,5.26366449,5.26366449,5.26366449,5.26366449,5.26366449,5.26366449,5.26366449,5.26366449,5.26366449,
